Temp,Date_year,Date_month,Date_day,Date_dayofweek,predicted_label,likelihood_score,risk_level,model_used,disaster_type
-0.3138456983718291,-0.5222329678670935,0.4291882419151073,-1.1051779765936418,-1.500650958334079,0,7,Low,random_forest,flood
-1.198088692626693,-0.1740776559556978,0.4291882419151073,-1.4463015205022105,0.9995206675192112,0,7,Low,random_forest,flood
-0.8787787224791034,-1.5666989036012806,0.4291882419151073,0.2593161990406322,-1.000616633163421,0,7,Low,random_forest,flood
1.233579541574182,1.2185435916898848,-1.3114085169628282,0.9415632868577692,0.4994863423485531,0,7,Low,random_forest,flood
0.3984611581112556,0.5222329678670935,-1.3114085169628282,-1.560009368471733,-1.500650958334079,0,7,Low,random_forest,flood
1.5774518171177407,-0.8703882797784892,-1.0213090571498389,0.3730240470101551,0.9995206675192112,0,7,Low,random_forest,flood
1.700263344097583,-0.8703882797784892,-1.3114085169628282,-1.673717216441256,-1.000616633163421,0,7,Low,random_forest,flood
-0.8050918062911978,0.8703882797784892,-0.7312095973368496,-0.6503465847155504,1.4995549926898692,0,7,Low,random_forest,flood
0.3984611581112556,-0.8703882797784892,-1.6015079767758174,-0.991470128624119,0.4994863423485531,0,7,Low,random_forest,flood
1.11076801459434,1.2185435916898848,-1.3114085169628282,0.3730240470101551,1.4995549926898692,0,7,Low,random_forest,flood
-0.5840310577274819,-0.1740776559556978,1.299486621354075,0.8278554388882464,0.9995206675192112,0,7,Low,random_forest,flood
-0.9033410278750716,1.2185435916898848,0.7192877017280965,-0.5366387367460276,-1.500650958334079,0,7,Low,random_forest,flood
1.528327206325803,0.1740776559556978,-1.3114085169628282,0.1456083510711094,-1.500650958334079,0,7,Low,random_forest,flood
1.872199481869362,-1.5666989036012806,-1.3114085169628282,-1.560009368471733,-1.500650958334079,0,7,Low,random_forest,flood
-0.5840310577274819,0.8703882797784892,0.4291882419151073,1.3963946787358603,1.4995549926898692,0,7,Low,random_forest,flood
-0.3138456983718291,-0.5222329678670935,1.5895860811670643,-0.991470128624119,0.4994863423485531,0,7,Low,random_forest,flood
0.6195219066749712,0.8703882797784892,-1.0213090571498389,0.4867318949796779,1.4995549926898692,0,7,Low,random_forest,flood
-0.1173472552040818,0.1740776559556978,-1.3114085169628282,-0.4229308887765047,-0.5005823079927629,0,7,Low,random_forest,flood
0.1037134933596341,1.2185435916898848,-0.4411101375238604,0.3730240470101551,0.4994863423485531,0,7,Low,random_forest,flood
1.0125187930104669,1.5666989036012806,-0.7312095973368496,-1.673717216441256,1.4995549926898692,0,7,Low,random_forest,flood
2.658193254540352,-0.8703882797784892,-1.0213090571498389,-1.560009368471733,-0.5005823079927629,0,7,Low,random_forest,flood
1.380953373949993,0.8703882797784892,1.299486621354075,-0.991470128624119,-1.500650958334079,0,7,Low,random_forest,flood
-1.3209002196065351,1.2185435916898848,0.4291882419151073,-0.0818073448679362,-1.000616633163421,0,7,Low,random_forest,flood
0.3493365473193185,1.5666989036012806,1.299486621354075,-0.4229308887765047,-1.500650958334079,0,7,Low,random_forest,flood
2.5845063383524463,-0.1740776559556978,-1.0213090571498389,-0.195515192837459,-0.0005479828221048,0,7,Low,random_forest,flood
1.5774518171177407,0.5222329678670935,-1.0213090571498389,-1.1051779765936418,0.4994863423485531,0,7,Low,random_forest,flood
0.6932088228628767,-1.2185435916898848,-1.0213090571498389,0.4867318949796779,0.9995206675192112,0,7,Low,random_forest,flood
-1.2963379142105669,0.5222329678670935,-0.1510106777108712,-0.877762280654596,-1.500650958334079,0,7,Low,random_forest,flood
2.044135619641141,-1.2185435916898848,-1.3114085169628282,-0.991470128624119,1.4995549926898692,0,7,Low,random_forest,flood
1.4546402901378983,-1.5666989036012806,-0.7312095973368496,-1.3325936725326877,0.9995206675192112,0,7,Low,random_forest,flood
1.4300779847419298,-0.1740776559556978,-1.0213090571498389,0.3730240470101551,-1.000616633163421,0,7,Low,random_forest,flood
3.345937805627468,-1.5666989036012806,-1.6015079767758174,0.2593161990406322,1.4995549926898692,0,7,Low,random_forest,flood
-1.1244017764387877,0.1740776559556978,0.4291882419151073,0.6004397429492008,-0.0005479828221048,0,7,Low,random_forest,flood
0.5703972958830346,1.5666989036012806,1.5895860811670643,1.5101025267053834,0.9995206675192112,0,7,Low,random_forest,flood
3.7143723865669935,-1.2185435916898848,-1.3114085169628282,-0.0818073448679362,-1.500650958334079,0,7,Low,random_forest,flood
-1.198088692626693,-1.5666989036012806,0.139088782102118,0.0319005031015865,-0.0005479828221048,0,7,Low,random_forest,flood
-1.5173986627742826,1.2185435916898848,0.7192877017280965,-0.991470128624119,-0.0005479828221048,0,7,Low,random_forest,flood
-0.4366572253516713,1.5666989036012806,-0.1510106777108712,1.6238103746749062,0.9995206675192112,0,7,Low,random_forest,flood
-0.019098033620208,-0.8703882797784892,1.5895860811670643,1.3963946787358603,-0.5005823079927629,0,7,Low,random_forest,flood
-0.240158782183924,0.8703882797784892,-0.1510106777108712,-1.2188858245631646,1.4995549926898692,0,7,Low,random_forest,flood
-0.1664718659960185,0.1740776559556978,-0.7312095973368496,1.2826868307663375,1.4995549926898692,0,7,Low,random_forest,flood
0.3493365473193185,0.5222329678670935,-0.1510106777108712,-0.5366387367460276,-0.0005479828221048,0,7,Low,random_forest,flood
-1.0752771656468507,0.8703882797784892,0.4291882419151073,-0.877762280654596,-1.500650958334079,0,7,Low,random_forest,flood
0.6932088228628767,0.5222329678670935,-0.7312095973368496,-0.5366387367460276,0.9995206675192112,0,7,Low,random_forest,flood
-0.0682226444121447,0.5222329678670935,1.5895860811670643,0.3730240470101551,0.9995206675192112,0,7,Low,random_forest,flood
0.9879564876144976,0.5222329678670935,1.5895860811670643,-0.5366387367460276,0.4994863423485531,0,7,Low,random_forest,flood
-0.3629703091637662,0.5222329678670935,0.4291882419151073,1.5101025267053834,0.9995206675192112,0,7,Low,random_forest,flood
-0.1910341713919869,-0.8703882797784892,0.7192877017280965,1.2826868307663375,-1.000616633163421,0,7,Low,random_forest,flood
0.6195219066749712,-1.2185435916898848,1.5895860811670643,0.4867318949796779,-1.500650958334079,0,7,Low,random_forest,flood
0.9879564876144976,-0.8703882797784892,-1.0213090571498389,-0.195515192837459,-1.500650958334079,0,7,Low,random_forest,flood
-0.9033410278750716,0.1740776559556978,0.4291882419151073,1.2826868307663375,-0.5005823079927629,0,7,Low,random_forest,flood
-0.1419095606000502,-1.5666989036012806,-0.7312095973368496,0.4867318949796779,-1.500650958334079,0,7,Low,random_forest,flood
0.3247742419233501,-0.8703882797784892,-1.0213090571498389,0.1456083510711094,-0.0005479828221048,0,7,Low,random_forest,flood
-0.8542164170831348,-1.2185435916898848,-0.1510106777108712,1.5101025267053834,-1.000616633163421,0,7,Low,random_forest,flood
-0.2647210875798924,-0.1740776559556978,-0.1510106777108712,-0.195515192837459,0.4994863423485531,0,7,Low,random_forest,flood
-0.5594687523315135,-1.2185435916898848,-0.1510106777108712,0.8278554388882464,-0.5005823079927629,0,7,Low,random_forest,flood
-1.198088692626693,-1.2185435916898848,-0.4411101375238604,-1.560009368471733,1.4995549926898692,0,7,Low,random_forest,flood
-0.9033410278750716,1.2185435916898848,0.4291882419151073,-1.560009368471733,-0.5005823079927629,0,7,Low,random_forest,flood
1.4300779847419298,-1.2185435916898848,-1.6015079767758174,1.5101025267053834,0.4994863423485531,0,7,Low,random_forest,flood
-1.24721330341863,-0.1740776559556978,0.139088782102118,1.7375182226444292,-0.5005823079927629,0,7,Low,random_forest,flood
0.717771128258845,0.8703882797784892,1.299486621354075,-1.4463015205022105,-0.0005479828221048,0,7,Low,random_forest,flood
-1.3209002196065351,0.5222329678670935,0.139088782102118,-0.7640544326850732,-0.0005479828221048,0,7,Low,random_forest,flood
-0.977027944062977,-0.5222329678670935,-0.1510106777108712,-1.2188858245631646,-1.000616633163421,0,7,Low,random_forest,flood
-0.7805295008952295,-0.1740776559556978,-0.4411101375238604,-1.4463015205022105,0.4994863423485531,0,7,Low,random_forest,flood
0.2265250203394763,-0.8703882797784892,1.5895860811670643,-0.877762280654596,-0.0005479828221048,0,7,Low,random_forest,flood
-0.977027944062977,-0.5222329678670935,0.139088782102118,-0.877762280654596,1.4995549926898692,0,7,Low,random_forest,flood
2.019573314245172,-1.5666989036012806,-1.6015079767758174,1.2826868307663375,-1.000616633163421,0,7,Low,random_forest,flood
0.1528381041515712,0.8703882797784892,1.299486621354075,-1.1051779765936418,1.4995549926898692,0,7,Low,random_forest,flood
-0.4857818361436084,1.5666989036012806,0.139088782102118,1.055271134827292,-0.5005823079927629,0,7,Low,random_forest,flood
-0.8787787224791034,0.1740776559556978,-0.1510106777108712,0.2593161990406322,-0.5005823079927629,0,7,Low,random_forest,flood
0.5703972958830346,0.5222329678670935,1.009387161541086,1.055271134827292,1.4995549926898692,0,7,Low,random_forest,flood
1.11076801459434,0.8703882797784892,1.5895860811670643,-0.3092230408069819,-1.000616633163421,0,7,Low,random_forest,flood
-0.4612195307476396,0.1740776559556978,0.4291882419151073,-1.673717216441256,0.4994863423485531,0,7,Low,random_forest,flood
-0.4120949199557029,0.8703882797784892,-0.1510106777108712,-0.877762280654596,-0.5005823079927629,0,7,Low,random_forest,flood
-0.4366572253516713,1.2185435916898848,1.299486621354075,-0.3092230408069819,-1.500650958334079,0,7,Low,random_forest,flood
0.2265250203394763,0.8703882797784892,1.299486621354075,1.055271134827292,0.4994863423485531,0,7,Low,random_forest,flood
0.030026577171729,-0.5222329678670935,0.4291882419151073,1.7375182226444292,0.4994863423485531,0,7,Low,random_forest,flood
-1.6402101897541248,1.5666989036012806,-0.4411101375238604,1.5101025267053834,-1.000616633163421,0,7,Low,random_forest,flood
0.3738988527152868,-0.1740776559556978,1.5895860811670643,0.2593161990406322,-0.5005823079927629,0,7,Low,random_forest,flood
0.1528381041515712,-0.8703882797784892,1.299486621354075,-1.673717216441256,-1.000616633163421,0,7,Low,random_forest,flood
0.9879564876144976,-0.8703882797784892,-0.7312095973368496,-0.6503465847155504,1.4995549926898692,0,7,Low,random_forest,flood
-0.240158782183924,-0.8703882797784892,1.299486621354075,-0.5366387367460276,0.4994863423485531,0,7,Low,random_forest,flood
-0.6577179739153873,-0.5222329678670935,0.4291882419151073,-0.3092230408069819,-1.500650958334079,0,7,Low,random_forest,flood
-0.2647210875798924,-0.1740776559556978,-0.4411101375238604,1.7375182226444292,0.4994863423485531,0,7,Low,random_forest,flood
0.4721480742991606,-0.8703882797784892,-1.0213090571498389,-0.0818073448679362,-1.000616633163421,0,7,Low,random_forest,flood
0.8651449606346556,-0.1740776559556978,1.009387161541086,-0.5366387367460276,0.4994863423485531,0,7,Low,random_forest,flood
-0.4366572253516713,1.2185435916898848,1.009387161541086,-0.7640544326850732,-1.500650958334079,0,7,Low,random_forest,flood
-0.1910341713919869,-0.8703882797784892,-0.7312095973368496,0.6004397429492008,-0.0005479828221048,0,7,Low,random_forest,flood
0.7668957390507822,-1.5666989036012806,1.009387161541086,-0.991470128624119,-0.5005823079927629,0,7,Low,random_forest,flood
1.6757010387016142,-0.8703882797784892,1.5895860811670643,0.6004397429492008,-0.5005823079927629,0,7,Low,random_forest,flood
-0.3384080037677974,-0.8703882797784892,0.139088782102118,-1.560009368471733,0.9995206675192112,0,7,Low,random_forest,flood
-1.7384594113379983,0.5222329678670935,0.139088782102118,-1.3325936725326877,0.9995206675192112,0,7,Low,random_forest,flood
1.233579541574182,0.5222329678670935,1.5895860811670643,1.2826868307663375,1.4995549926898692,0,7,Low,random_forest,flood
0.9388318768225612,-0.8703882797784892,1.5895860811670643,1.168978982796815,-1.500650958334079,0,7,Low,random_forest,flood
0.423023463507224,0.1740776559556978,1.009387161541086,-0.3092230408069819,-1.500650958334079,0,7,Low,random_forest,flood
-2.057769381485588,-0.5222329678670935,-0.1510106777108712,-0.4229308887765047,-1.000616633163421,0,7,Low,random_forest,flood
-1.0752771656468507,-1.2185435916898848,-0.1510106777108712,0.3730240470101551,0.9995206675192112,0,7,Low,random_forest,flood
-2.0086447706936514,-0.8703882797784892,-0.1510106777108712,0.1456083510711094,0.4994863423485531,0,7,Low,random_forest,flood
-1.2226509980226614,-0.8703882797784892,-0.4411101375238604,0.7141475909187236,1.4995549926898692,0,7,Low,random_forest,flood
-1.026152554854914,-1.5666989036012806,0.139088782102118,-1.3325936725326877,0.9995206675192112,0,7,Low,random_forest,flood
2.633630949144383,-1.5666989036012806,-1.3114085169628282,-1.4463015205022105,-1.000616633163421,0,7,Low,random_forest,flood
-0.9524656386670086,1.2185435916898848,1.009387161541086,-0.991470128624119,0.9995206675192112,0,7,Low,random_forest,flood
1.3072664577620876,-1.2185435916898848,-0.7312095973368496,0.9415632868577692,0.9995206675192112,0,7,Low,random_forest,flood
-1.148964081834756,-0.1740776559556978,0.7192877017280965,1.2826868307663375,0.4994863423485531,0,7,Low,random_forest,flood
-1.9595201599017145,-1.5666989036012806,0.139088782102118,1.7375182226444292,0.4994863423485531,0,7,Low,random_forest,flood
0.1037134933596341,0.1740776559556978,-0.1510106777108712,-1.2188858245631646,-0.0005479828221048,0,7,Low,random_forest,flood
-0.0436603390161764,-1.2185435916898848,-1.0213090571498389,-0.7640544326850732,-1.000616633163421,0,7,Low,random_forest,flood
-0.633155668519419,-1.5666989036012806,-0.4411101375238604,-1.673717216441256,0.4994863423485531,0,7,Low,random_forest,flood
0.496710379695129,-1.5666989036012806,1.009387161541086,1.2826868307663375,-1.000616633163421,0,7,Low,random_forest,flood
-1.812146327525904,-1.5666989036012806,-0.1510106777108712,0.4867318949796779,0.9995206675192112,0,7,Low,random_forest,flood
-0.4366572253516713,0.1740776559556978,0.4291882419151073,0.1456083510711094,1.4995549926898692,0,7,Low,random_forest,flood
0.1282757987556025,-0.8703882797784892,-0.4411101375238604,-0.0818073448679362,1.4995549926898692,0,7,Low,random_forest,flood
0.0545888825676974,0.5222329678670935,1.299486621354075,-0.4229308887765047,-0.0005479828221048,0,7,Low,random_forest,flood
1.3072664577620876,-0.8703882797784892,1.5895860811670643,-0.4229308887765047,-1.500650958334079,0,7,Low,random_forest,flood
-0.633155668519419,1.5666989036012806,0.4291882419151073,-1.3325936725326877,0.9995206675192112,0,7,Low,random_forest,flood
1.0616434038024032,0.8703882797784892,1.299486621354075,-1.560009368471733,-0.5005823079927629,0,7,Low,random_forest,flood
0.5212726850910978,1.5666989036012806,-0.4411101375238604,-1.1051779765936418,1.4995549926898692,0,7,Low,random_forest,flood
1.3563910685540244,-0.8703882797784892,-1.0213090571498389,0.6004397429492008,-1.500650958334079,0,7,Low,random_forest,flood
-0.7805295008952295,1.2185435916898848,-0.1510106777108712,1.6238103746749062,0.4994863423485531,0,7,Low,random_forest,flood
0.7423334336548134,1.2185435916898848,-0.7312095973368496,-1.3325936725326877,-1.000616633163421,0,7,Low,random_forest,flood
0.9879564876144976,-0.1740776559556978,-1.6015079767758174,-1.560009368471733,-0.5005823079927629,0,7,Low,random_forest,flood
0.423023463507224,-1.2185435916898848,-0.4411101375238604,1.2826868307663375,-0.0005479828221048,0,7,Low,random_forest,flood
0.496710379695129,-0.1740776559556978,1.5895860811670643,1.055271134827292,-0.5005823079927629,0,7,Low,random_forest,flood
0.6195219066749712,-0.5222329678670935,1.5895860811670643,0.8278554388882464,1.4995549926898692,0,7,Low,random_forest,flood
0.3002119365273818,0.8703882797784892,-0.7312095973368496,0.8278554388882464,0.9995206675192112,0,7,Low,random_forest,flood
0.8651449606346556,-1.5666989036012806,-1.0213090571498389,-0.4229308887765047,-0.0005479828221048,0,7,Low,random_forest,flood
1.209017236178214,0.1740776559556978,-1.6015079767758174,-0.0818073448679362,-0.5005823079927629,0,7,Low,random_forest,flood
-0.3629703091637662,-1.5666989036012806,1.009387161541086,1.168978982796815,-1.500650958334079,0,7,Low,random_forest,flood
0.7668957390507822,-0.1740776559556978,-1.3114085169628282,-0.5366387367460276,-1.500650958334079,0,7,Low,random_forest,flood
-0.7314048901032928,0.8703882797784892,-0.4411101375238604,0.6004397429492008,0.9995206675192112,0,7,Low,random_forest,flood
0.1282757987556025,0.5222329678670935,-0.7312095973368496,-1.560009368471733,-0.0005479828221048,0,7,Low,random_forest,flood
0.4475857689031923,-0.8703882797784892,-0.4411101375238604,-0.877762280654596,1.4995549926898692,0,7,Low,random_forest,flood
-0.4366572253516713,0.5222329678670935,0.4291882419151073,0.7141475909187236,0.9995206675192112,0,7,Low,random_forest,flood
2.510819422164541,-0.1740776559556978,-1.0213090571498389,-0.0818073448679362,0.4994863423485531,0,7,Low,random_forest,flood
-0.3875326145597346,-1.5666989036012806,0.7192877017280965,1.3963946787358603,-1.500650958334079,0,7,Low,random_forest,flood
-0.3138456983718291,-0.8703882797784892,0.4291882419151073,-0.5366387367460276,-0.0005479828221048,0,7,Low,random_forest,flood
1.2581418469701509,1.5666989036012806,0.7192877017280965,1.055271134827292,-1.000616633163421,0,7,Low,random_forest,flood
0.2510873257354447,1.5666989036012806,1.299486621354075,0.7141475909187236,-0.0005479828221048,0,7,Low,random_forest,flood
1.6757010387016142,-0.5222329678670935,-1.3114085169628282,-0.991470128624119,-1.000616633163421,0,7,Low,random_forest,flood
-0.9524656386670086,1.5666989036012806,0.139088782102118,-1.560009368471733,-1.500650958334079,0,7,Low,random_forest,flood
-0.1910341713919869,-0.1740776559556978,0.4291882419151073,-1.1051779765936418,-1.000616633163421,0,7,Low,random_forest,flood
1.2581418469701509,0.8703882797784892,-1.3114085169628282,1.5101025267053834,-1.500650958334079,0,7,Low,random_forest,flood
0.1528381041515712,-1.5666989036012806,-0.4411101375238604,1.6238103746749062,0.9995206675192112,0,7,Low,random_forest,flood
0.717771128258845,0.5222329678670935,-1.0213090571498389,-1.673717216441256,1.4995549926898692,0,7,Low,random_forest,flood
0.5949596012790028,1.5666989036012806,-1.0213090571498389,0.4867318949796779,-1.000616633163421,0,7,Low,random_forest,flood
-0.240158782183924,0.5222329678670935,-0.4411101375238604,0.3730240470101551,-1.000616633163421,0,7,Low,random_forest,flood
0.1774004095475396,-1.5666989036012806,1.299486621354075,0.2593161990406322,-0.5005823079927629,0,7,Low,random_forest,flood
2.2160717574129194,1.5666989036012806,1.5895860811670643,-1.1051779765936418,-0.0005479828221048,0,7,Low,random_forest,flood
0.1282757987556025,-1.5666989036012806,0.7192877017280965,-0.7640544326850732,-0.5005823079927629,0,7,Low,random_forest,flood
-1.370024830398472,-0.1740776559556978,0.139088782102118,-0.991470128624119,1.4995549926898692,0,7,Low,random_forest,flood
-0.1419095606000502,-0.8703882797784892,0.7192877017280965,1.5101025267053834,-0.0005479828221048,0,7,Low,random_forest,flood
-0.92790333327104,1.5666989036012806,-0.1510106777108712,-0.4229308887765047,-1.000616633163421,0,7,Low,random_forest,flood
-0.4120949199557029,-1.5666989036012806,-0.1510106777108712,1.5101025267053834,-1.500650958334079,0,7,Low,random_forest,flood
-0.5103441415395767,0.1740776559556978,1.299486621354075,1.055271134827292,-1.000616633163421,0,7,Low,random_forest,flood
0.8897072660306243,-0.8703882797784892,1.5895860811670643,0.1456083510711094,0.9995206675192112,0,7,Low,random_forest,flood
-0.7314048901032928,0.8703882797784892,1.009387161541086,0.3730240470101551,-0.5005823079927629,0,7,Low,random_forest,flood
0.8405826552386872,1.5666989036012806,1.5895860811670643,1.168978982796815,-0.5005823079927629,0,7,Low,random_forest,flood
0.5949596012790028,-0.1740776559556978,1.009387161541086,-0.7640544326850732,-0.5005823079927629,0,7,Low,random_forest,flood
-1.5173986627742826,-1.2185435916898848,0.139088782102118,0.0319005031015865,0.4994863423485531,0,7,Low,random_forest,flood
-0.4120949199557029,-0.5222329678670935,0.7192877017280965,-0.991470128624119,0.4994863423485531,0,7,Low,random_forest,flood
1.0125187930104669,1.5666989036012806,-1.0213090571498389,-0.6503465847155504,0.9995206675192112,0,7,Low,random_forest,flood
0.9388318768225612,-0.8703882797784892,-1.0213090571498389,-1.1051779765936418,1.4995549926898692,0,7,Low,random_forest,flood
0.496710379695129,1.2185435916898848,1.009387161541086,0.2593161990406322,-0.5005823079927629,0,7,Low,random_forest,flood
-0.6577179739153873,-1.5666989036012806,-0.4411101375238604,-0.0818073448679362,0.4994863423485531,0,7,Low,random_forest,flood
0.8160203498427189,0.8703882797784892,-1.0213090571498389,0.0319005031015865,-0.5005823079927629,0,7,Low,random_forest,flood
-0.8296541116871664,1.5666989036012806,0.4291882419151073,0.0319005031015865,-0.0005479828221048,0,7,Low,random_forest,flood
-0.1419095606000502,0.5222329678670935,0.4291882419151073,1.055271134827292,-1.000616633163421,0,7,Low,random_forest,flood
0.4475857689031923,0.5222329678670935,-0.1510106777108712,-0.6503465847155504,-0.5005823079927629,0,7,Low,random_forest,flood
0.7423334336548134,-1.5666989036012806,1.5895860811670643,1.055271134827292,0.4994863423485531,0,7,Low,random_forest,flood
-1.2963379142105669,-0.1740776559556978,-0.1510106777108712,-1.3325936725326877,-1.000616633163421,0,7,Low,random_forest,flood
-0.4612195307476396,1.2185435916898848,1.009387161541086,1.5101025267053834,1.4995549926898692,0,7,Low,random_forest,flood
-1.4437117465863774,1.2185435916898848,0.139088782102118,0.1456083510711094,-1.500650958334079,0,7,Low,random_forest,flood
-0.4612195307476396,1.2185435916898848,0.7192877017280965,0.2593161990406322,-1.500650958334079,0,7,Low,random_forest,flood
-0.2892833929758607,0.1740776559556978,-0.4411101375238604,0.7141475909187236,-0.0005479828221048,0,7,Low,random_forest,flood
-1.664772495150093,1.5666989036012806,0.139088782102118,-1.1051779765936418,0.4994863423485531,0,7,Low,random_forest,flood
1.3318287631580563,-1.5666989036012806,-1.3114085169628282,0.6004397429492008,0.9995206675192112,0,7,Low,random_forest,flood
-1.026152554854914,0.1740776559556978,0.139088782102118,-0.5366387367460276,0.4994863423485531,0,7,Low,random_forest,flood
-0.4857818361436084,0.8703882797784892,-1.3114085169628282,-0.991470128624119,1.4995549926898692,0,7,Low,random_forest,flood
-0.4857818361436084,-0.8703882797784892,1.009387161541086,1.6238103746749062,1.4995549926898692,0,7,Low,random_forest,flood
0.3493365473193185,1.5666989036012806,-0.7312095973368496,0.1456083510711094,-1.000616633163421,0,7,Low,random_forest,flood
-0.5349064469355451,1.2185435916898848,0.4291882419151073,0.3730240470101551,0.9995206675192112,0,7,Low,random_forest,flood
-0.1419095606000502,0.1740776559556978,0.7192877017280965,0.8278554388882464,-1.000616633163421,0,7,Low,random_forest,flood
-2.4262039624251144,-0.5222329678670935,0.139088782102118,-1.2188858245631646,-0.0005479828221048,0,7,Low,random_forest,flood
0.9388318768225612,1.2185435916898848,1.299486621354075,-1.2188858245631646,1.4995549926898692,0,7,Low,random_forest,flood
-2.4016416570291463,1.2185435916898848,-0.1510106777108712,-1.560009368471733,0.4994863423485531,0,7,Low,random_forest,flood
-0.1664718659960185,-0.1740776559556978,1.299486621354075,0.6004397429492008,-0.0005479828221048,0,7,Low,random_forest,flood
-1.8367086329218725,1.2185435916898848,0.4291882419151073,-1.673717216441256,-1.000616633163421,0,7,Low,random_forest,flood
-1.148964081834756,-1.5666989036012806,0.139088782102118,-1.4463015205022105,0.4994863423485531,0,7,Low,random_forest,flood
-0.92790333327104,0.1740776559556978,-0.7312095973368496,-0.6503465847155504,-0.0005479828221048,0,7,Low,random_forest,flood
0.1774004095475396,-1.2185435916898848,-0.7312095973368496,-1.4463015205022105,0.9995206675192112,0,7,Low,random_forest,flood
1.233579541574182,-0.8703882797784892,1.299486621354075,0.7141475909187236,-1.000616633163421,0,7,Low,random_forest,flood
-2.229705519257368,-1.5666989036012806,-0.4411101375238604,0.4867318949796779,-0.5005823079927629,0,7,Low,random_forest,flood
0.1282757987556025,-1.5666989036012806,1.299486621354075,0.3730240470101551,-0.0005479828221048,0,7,Low,random_forest,flood
-1.026152554854914,-1.2185435916898848,0.139088782102118,-1.1051779765936418,-1.000616633163421,0,7,Low,random_forest,flood
-1.370024830398472,1.5666989036012806,-0.1510106777108712,1.5101025267053834,0.4994863423485531,0,7,Low,random_forest,flood
0.3247742419233501,0.1740776559556978,-1.0213090571498389,-0.877762280654596,0.9995206675192112,0,7,Low,random_forest,flood
0.5458349904870662,1.5666989036012806,-0.4411101375238604,0.1456083510711094,-0.0005479828221048,0,7,Low,random_forest,flood
-2.156018603069462,-1.2185435916898848,0.139088782102118,-0.7640544326850732,0.4994863423485531,0,7,Low,random_forest,flood
0.6686465174669084,1.2185435916898848,-1.6015079767758174,0.2593161990406322,-0.5005823079927629,0,7,Low,random_forest,flood
0.8405826552386872,0.1740776559556978,-1.6015079767758174,0.0319005031015865,-0.0005479828221048,0,7,Low,random_forest,flood
0.2265250203394763,1.2185435916898848,-1.6015079767758174,-0.3092230408069819,0.4994863423485531,0,7,Low,random_forest,flood
0.3002119365273818,0.8703882797784892,-1.0213090571498389,-1.673717216441256,-1.000616633163421,0,7,Low,random_forest,flood
1.0862057091983717,-1.2185435916898848,1.5895860811670643,0.8278554388882464,-0.0005479828221048,0,7,Low,random_forest,flood
-0.1664718659960185,-0.8703882797784892,0.4291882419151073,0.8278554388882464,-1.000616633163421,0,7,Low,random_forest,flood
0.2756496311314134,-1.5666989036012806,-0.4411101375238604,1.055271134827292,-1.500650958334079,0,7,Low,random_forest,flood
-0.92790333327104,1.2185435916898848,0.4291882419151073,1.055271134827292,0.4994863423485531,0,7,Low,random_forest,flood
-1.8858332437138088,-0.5222329678670935,-0.4411101375238604,-1.1051779765936418,1.4995549926898692,0,7,Low,random_forest,flood
0.2510873257354447,-0.5222329678670935,1.299486621354075,-1.4463015205022105,0.9995206675192112,0,7,Low,random_forest,flood
-0.977027944062977,0.1740776559556978,-0.7312095973368496,-0.877762280654596,-1.000616633163421,0,7,Low,random_forest,flood
0.8160203498427189,-0.5222329678670935,-1.0213090571498389,-1.2188858245631646,-1.500650958334079,0,7,Low,random_forest,flood
-1.1244017764387877,1.5666989036012806,0.4291882419151073,0.8278554388882464,-0.0005479828221048,0,7,Low,random_forest,flood
-0.0436603390161764,-0.5222329678670935,1.299486621354075,1.6238103746749062,0.4994863423485531,0,7,Low,random_forest,flood
1.0862057091983717,-0.5222329678670935,1.299486621354075,-0.877762280654596,-0.0005479828221048,0,7,Low,random_forest,flood
-0.2155964767879553,-0.8703882797784892,1.009387161541086,0.6004397429492008,0.4994863423485531,0,7,Low,random_forest,flood
-0.6822802793113557,0.8703882797784892,0.7192877017280965,0.8278554388882464,0.4994863423485531,0,7,Low,random_forest,flood
1.7248256494935508,-1.2185435916898848,-1.3114085169628282,0.0319005031015865,-1.000616633163421,0,7,Low,random_forest,flood
0.030026577171729,-0.5222329678670935,0.7192877017280965,-1.560009368471733,1.4995549926898692,0,7,Low,random_forest,flood
-1.3454625250025034,1.5666989036012806,0.139088782102118,-0.991470128624119,0.9995206675192112,0,7,Low,random_forest,flood
-0.1664718659960185,0.8703882797784892,0.7192877017280965,-1.4463015205022105,0.9995206675192112,0,7,Low,random_forest,flood
-1.4928363573783143,0.8703882797784892,0.4291882419151073,-1.2188858245631646,0.4994863423485531,0,7,Low,random_forest,flood
-0.240158782183924,-0.5222329678670935,0.4291882419151073,-1.560009368471733,-0.0005479828221048,0,7,Low,random_forest,flood
1.3072664577620876,0.5222329678670935,-1.3114085169628282,-1.673717216441256,1.4995549926898692,0,7,Low,random_forest,flood
0.2019627149435079,0.5222329678670935,-1.0213090571498389,1.7375182226444292,-1.000616633163421,0,7,Low,random_forest,flood
-0.1664718659960185,0.8703882797784892,-0.7312095973368496,0.3730240470101551,-1.000616633163421,0,7,Low,random_forest,flood
0.7914580444467505,0.8703882797784892,-1.6015079767758174,1.7375182226444292,1.4995549926898692,0,7,Low,random_forest,flood
1.2581418469701509,-0.5222329678670935,1.009387161541086,-1.560009368471733,-1.000616633163421,0,7,Low,random_forest,flood
-0.019098033620208,-0.5222329678670935,-0.1510106777108712,-0.0818073448679362,0.4994863423485531,0,7,Low,random_forest,flood
-1.1244017764387877,1.2185435916898848,-0.1510106777108712,-1.3325936725326877,1.4995549926898692,0,7,Low,random_forest,flood
1.2581418469701509,0.8703882797784892,-1.3114085169628282,-0.4229308887765047,0.4994863423485531,0,7,Low,random_forest,flood
-0.9033410278750716,-0.8703882797784892,0.139088782102118,0.3730240470101551,-1.000616633163421,0,7,Low,random_forest,flood
0.2265250203394763,-0.5222329678670935,-1.0213090571498389,0.6004397429492008,-0.5005823079927629,0,7,Low,random_forest,flood
-0.2647210875798924,-1.5666989036012806,1.299486621354075,0.7141475909187236,1.4995549926898692,0,7,Low,random_forest,flood
-0.3138456983718291,0.5222329678670935,-1.0213090571498389,-0.877762280654596,1.4995549926898692,0,7,Low,random_forest,flood
1.282704152366119,0.5222329678670935,-1.3114085169628282,-0.877762280654596,1.4995549926898692,0,7,Low,random_forest,flood
-0.1910341713919869,-1.5666989036012806,1.009387161541086,0.3730240470101551,-1.500650958334079,0,7,Low,random_forest,flood
-1.7875840221299353,0.1740776559556978,-0.1510106777108712,1.5101025267053834,1.4995549926898692,0,7,Low,random_forest,flood
-0.8050918062911978,-1.2185435916898848,1.009387161541086,0.4867318949796779,-0.5005823079927629,0,7,Low,random_forest,flood
0.7423334336548134,0.1740776559556978,-0.7312095973368496,-0.5366387367460276,0.4994863423485531,0,7,Low,random_forest,flood
-0.0436603390161764,0.5222329678670935,-0.1510106777108712,-1.3325936725326877,-0.0005479828221048,0,7,Low,random_forest,flood
0.6932088228628767,1.2185435916898848,-0.7312095973368496,1.2826868307663375,-0.0005479828221048,0,7,Low,random_forest,flood
0.9388318768225612,0.1740776559556978,-1.3114085169628282,0.6004397429492008,0.4994863423485531,0,7,Low,random_forest,flood
-0.0436603390161764,-1.5666989036012806,0.7192877017280965,0.6004397429492008,-1.500650958334079,0,7,Low,random_forest,flood
0.9879564876144976,1.5666989036012806,-0.7312095973368496,-0.877762280654596,1.4995549926898692,0,7,Low,random_forest,flood
1.3072664577620876,-1.5666989036012806,-1.3114085169628282,0.7141475909187236,1.4995549926898692,0,7,Low,random_forest,flood
0.4721480742991606,0.1740776559556978,1.5895860811670643,-1.2188858245631646,0.4994863423485531,0,7,Low,random_forest,flood
1.5774518171177407,0.8703882797784892,-0.7312095973368496,1.3963946787358603,-0.0005479828221048,0,7,Low,random_forest,flood
1.11076801459434,1.2185435916898848,-1.6015079767758174,-0.877762280654596,1.4995549926898692,0,7,Low,random_forest,flood
0.3247742419233501,0.8703882797784892,1.299486621354075,-0.877762280654596,-1.000616633163421,0,7,Low,random_forest,flood
0.5949596012790028,-0.1740776559556978,-0.4411101375238604,-1.2188858245631646,1.4995549926898692,0,7,Low,random_forest,flood
-0.3138456983718291,1.5666989036012806,1.299486621354075,0.3730240470101551,-1.500650958334079,0,7,Low,random_forest,flood
-1.3454625250025034,-0.5222329678670935,-0.4411101375238604,-0.991470128624119,-1.500650958334079,0,7,Low,random_forest,flood
-0.6577179739153873,0.8703882797784892,0.139088782102118,1.168978982796815,-1.000616633163421,0,7,Low,random_forest,flood
0.2756496311314134,-0.8703882797784892,0.139088782102118,1.2826868307663375,-0.5005823079927629,0,7,Low,random_forest,flood
-0.706842584707324,0.5222329678670935,-0.4411101375238604,0.6004397429492008,-0.0005479828221048,0,7,Low,random_forest,flood
1.11076801459434,-0.8703882797784892,-1.3114085169628282,0.6004397429492008,-1.500650958334079,0,7,Low,random_forest,flood
-0.4120949199557029,-0.1740776559556978,-0.4411101375238604,0.8278554388882464,-0.0005479828221048,0,7,Low,random_forest,flood
-0.3629703091637662,0.1740776559556978,1.5895860811670643,0.8278554388882464,-1.000616633163421,0,7,Low,random_forest,flood
-1.4928363573783143,-1.2185435916898848,0.4291882419151073,0.8278554388882464,-1.500650958334079,0,7,Low,random_forest,flood
0.6686465174669084,-0.8703882797784892,-1.0213090571498389,1.6238103746749062,-0.5005823079927629,0,7,Low,random_forest,flood
0.0054642717757602,-1.5666989036012806,-1.0213090571498389,0.2593161990406322,-0.5005823079927629,0,7,Low,random_forest,flood
-0.2892833929758607,0.1740776559556978,-0.4411101375238604,-1.3325936725326877,1.4995549926898692,0,7,Low,random_forest,flood
0.9879564876144976,-0.1740776559556978,1.5895860811670643,-1.560009368471733,-1.500650958334079,0,7,Low,random_forest,flood
-1.026152554854914,1.2185435916898848,0.139088782102118,-1.1051779765936418,-0.0005479828221048,0,7,Low,random_forest,flood
-1.5419609681702509,-0.8703882797784892,0.139088782102118,-0.5366387367460276,-1.500650958334079,0,7,Low,random_forest,flood
0.2265250203394763,0.1740776559556978,-0.4411101375238604,0.4867318949796779,-1.000616633163421,0,7,Low,random_forest,flood
0.9633941822185296,0.8703882797784892,-1.3114085169628282,-1.3325936725326877,-0.0005479828221048,0,7,Low,random_forest,flood
-0.9033410278750716,0.1740776559556978,1.009387161541086,0.9415632868577692,0.4994863423485531,0,7,Low,random_forest,flood
0.3984611581112556,-1.2185435916898848,-1.3114085169628282,0.3730240470101551,0.4994863423485531,0,7,Low,random_forest,flood
0.6195219066749712,-1.2185435916898848,1.299486621354075,0.8278554388882464,-1.000616633163421,0,7,Low,random_forest,flood
-0.1664718659960185,-1.5666989036012806,1.299486621354075,-0.4229308887765047,-0.0005479828221048,0,7,Low,random_forest,flood
-0.1664718659960185,-1.5666989036012806,1.299486621354075,-0.5366387367460276,-0.5005823079927629,0,7,Low,random_forest,flood
0.496710379695129,0.8703882797784892,1.299486621354075,-1.673717216441256,-1.000616633163421,0,7,Low,random_forest,flood
-0.2892833929758607,-1.5666989036012806,-0.4411101375238604,-1.2188858245631646,-1.000616633163421,0,7,Low,random_forest,flood
-1.0015902494589457,0.5222329678670935,-0.7312095973368496,0.4867318949796779,-1.500650958334079,0,7,Low,random_forest,flood
0.3738988527152868,0.8703882797784892,-1.0213090571498389,-1.2188858245631646,0.9995206675192112,0,7,Low,random_forest,flood
0.0545888825676974,1.2185435916898848,-0.4411101375238604,-0.195515192837459,1.4995549926898692,0,7,Low,random_forest,flood
-1.0507148602508822,-1.2185435916898848,-0.1510106777108712,-0.4229308887765047,0.9995206675192112,0,7,Low,random_forest,flood
-0.3875326145597346,0.5222329678670935,-0.4411101375238604,-0.7640544326850732,0.9995206675192112,0,7,Low,random_forest,flood
0.1774004095475396,0.1740776559556978,-1.6015079767758174,-0.7640544326850732,-0.0005479828221048,0,7,Low,random_forest,flood
0.0545888825676974,0.5222329678670935,1.009387161541086,0.9415632868577692,0.9995206675192112,0,7,Low,random_forest,flood
-0.6085933631234506,0.8703882797784892,1.009387161541086,0.0319005031015865,1.4995549926898692,0,7,Low,random_forest,flood
-0.977027944062977,-0.1740776559556978,0.7192877017280965,0.2593161990406322,-0.5005823079927629,0,7,Low,random_forest,flood
0.9879564876144976,1.2185435916898848,-1.3114085169628282,-0.4229308887765047,1.4995549926898692,0,7,Low,random_forest,flood
1.037081098406435,-1.5666989036012806,-1.6015079767758174,1.7375182226444292,0.9995206675192112,0,7,Low,random_forest,flood
-0.5594687523315135,-1.5666989036012806,0.139088782102118,0.8278554388882464,-0.0005479828221048,0,7,Low,random_forest,flood
-1.2226509980226614,-0.1740776559556978,0.139088782102118,0.0319005031015865,-1.000616633163421,0,7,Low,random_forest,flood
-0.5840310577274819,-0.8703882797784892,-0.7312095973368496,0.3730240470101551,-1.000616633163421,0,7,Low,random_forest,flood
0.5212726850910978,-1.5666989036012806,-1.0213090571498389,-1.2188858245631646,-0.0005479828221048,0,7,Low,random_forest,flood
-1.4682740519823456,0.1740776559556978,-0.1510106777108712,-1.4463015205022105,-1.000616633163421,0,7,Low,random_forest,flood
-2.5244531840089883,-1.2185435916898848,0.139088782102118,0.7141475909187236,-0.0005479828221048,0,7,Low,random_forest,flood
-1.3454625250025034,0.1740776559556978,0.139088782102118,-0.877762280654596,-1.000616633163421,0,7,Low,random_forest,flood
-1.0507148602508822,-1.2185435916898848,1.299486621354075,-1.560009368471733,-1.000616633163421,0,7,Low,random_forest,flood
-0.0436603390161764,1.5666989036012806,1.5895860811670643,-0.6503465847155504,-1.500650958334079,0,7,Low,random_forest,flood
-1.1244017764387877,-1.2185435916898848,-0.4411101375238604,0.1456083510711094,-1.500650958334079,0,7,Low,random_forest,flood
-1.3454625250025034,-1.5666989036012806,0.139088782102118,-0.4229308887765047,1.4995549926898692,0,7,Low,random_forest,flood
-0.4612195307476396,0.8703882797784892,-0.4411101375238604,1.5101025267053834,1.4995549926898692,0,7,Low,random_forest,flood
-1.148964081834756,1.5666989036012806,0.4291882419151073,-0.7640544326850732,-0.0005479828221048,0,7,Low,random_forest,flood
0.3247742419233501,0.8703882797784892,1.009387161541086,0.2593161990406322,-1.000616633163421,0,7,Low,random_forest,flood
1.0862057091983717,-1.5666989036012806,1.5895860811670643,0.2593161990406322,0.4994863423485531,0,7,Low,random_forest,flood
-0.633155668519419,-1.5666989036012806,1.009387161541086,0.1456083510711094,0.9995206675192112,0,7,Low,random_forest,flood
-1.24721330341863,-1.5666989036012806,-0.1510106777108712,0.0319005031015865,-1.000616633163421,0,7,Low,random_forest,flood
-0.3384080037677974,1.5666989036012806,1.009387161541086,-0.7640544326850732,-1.000616633163421,0,7,Low,random_forest,flood
-0.8542164170831348,1.5666989036012806,-0.1510106777108712,0.2593161990406322,-1.500650958334079,0,7,Low,random_forest,flood
0.6686465174669084,-0.8703882797784892,1.5895860811670643,-0.0818073448679362,-0.0005479828221048,0,7,Low,random_forest,flood
-0.3629703091637662,0.8703882797784892,-0.1510106777108712,-0.7640544326850732,-0.0005479828221048,0,7,Low,random_forest,flood
0.2510873257354447,-1.2185435916898848,1.5895860811670643,-0.991470128624119,-1.000616633163421,0,7,Low,random_forest,flood
-0.92790333327104,1.5666989036012806,0.4291882419151073,1.055271134827292,0.9995206675192112,0,7,Low,random_forest,flood
0.3247742419233501,-0.5222329678670935,1.009387161541086,-0.7640544326850732,-1.000616633163421,0,7,Low,random_forest,flood
0.7668957390507822,0.8703882797784892,1.299486621354075,0.8278554388882464,-0.5005823079927629,0,7,Low,random_forest,flood
-0.4120949199557029,0.5222329678670935,-1.0213090571498389,-0.5366387367460276,-0.5005823079927629,0,7,Low,random_forest,flood
-1.6893348005460618,-1.2185435916898848,0.4291882419151073,0.2593161990406322,-0.5005823079927629,0,7,Low,random_forest,flood
-1.026152554854914,-1.5666989036012806,0.139088782102118,-0.195515192837459,-1.000616633163421,0,7,Low,random_forest,flood
-0.7559671954992612,-0.5222329678670935,1.009387161541086,-0.6503465847155504,-0.5005823079927629,0,7,Low,random_forest,flood
-0.2892833929758607,0.1740776559556978,0.7192877017280965,-0.3092230408069819,0.9995206675192112,0,7,Low,random_forest,flood
0.9633941822185296,-1.5666989036012806,-1.6015079767758174,1.6238103746749062,0.4994863423485531,0,7,Low,random_forest,flood
1.1844549307822454,1.2185435916898848,1.299486621354075,0.1456083510711094,0.4994863423485531,0,7,Low,random_forest,flood
-1.1244017764387877,1.2185435916898848,-0.4411101375238604,1.7375182226444292,-0.5005823079927629,0,7,Low,random_forest,flood
-0.1173472552040818,1.5666989036012806,-1.6015079767758174,0.0319005031015865,-1.000616633163421,0,7,Low,random_forest,flood
-0.7805295008952295,0.5222329678670935,0.4291882419151073,-1.4463015205022105,-1.500650958334079,0,7,Low,random_forest,flood
-0.7314048901032928,0.8703882797784892,-0.1510106777108712,-0.6503465847155504,0.4994863423485531,0,7,Low,random_forest,flood
0.5703972958830346,1.2185435916898848,1.009387161541086,1.6238103746749062,-1.500650958334079,0,7,Low,random_forest,flood
0.1774004095475396,0.5222329678670935,1.299486621354075,-0.195515192837459,0.9995206675192112,0,7,Low,random_forest,flood
1.2581418469701509,0.5222329678670935,-0.7312095973368496,-0.3092230408069819,-1.500650958334079,0,7,Low,random_forest,flood
-0.6577179739153873,-1.2185435916898848,0.4291882419151073,1.168978982796815,-0.0005479828221048,0,7,Low,random_forest,flood
0.3247742419233501,0.1740776559556978,-1.6015079767758174,-0.3092230408069819,-1.500650958334079,0,7,Low,random_forest,flood
2.019573314245172,1.2185435916898848,-1.3114085169628282,0.0319005031015865,-0.0005479828221048,0,7,Low,random_forest,flood
0.0054642717757602,-0.1740776559556978,1.299486621354075,-1.560009368471733,0.9995206675192112,0,7,Low,random_forest,flood
-0.5349064469355451,0.1740776559556978,-0.7312095973368496,-0.3092230408069819,1.4995549926898692,0,7,Low,random_forest,flood
-0.9524656386670086,0.8703882797784892,1.009387161541086,1.2826868307663375,-0.0005479828221048,0,7,Low,random_forest,flood
0.2019627149435079,1.2185435916898848,1.5895860811670643,0.8278554388882464,0.9995206675192112,0,7,Low,random_forest,flood
-0.9033410278750716,-0.1740776559556978,0.7192877017280965,0.0319005031015865,-1.500650958334079,0,7,Low,random_forest,flood
0.8405826552386872,-0.5222329678670935,1.299486621354075,1.055271134827292,1.4995549926898692,0,7,Low,random_forest,flood
0.9388318768225612,1.5666989036012806,-1.6015079767758174,1.055271134827292,-0.0005479828221048,0,7,Low,random_forest,flood
1.1353303199903086,-1.2185435916898848,-1.6015079767758174,0.8278554388882464,0.9995206675192112,0,7,Low,random_forest,flood
-0.7805295008952295,-1.5666989036012806,-1.0213090571498389,0.7141475909187236,1.4995549926898692,0,7,Low,random_forest,flood
-0.240158782183924,1.2185435916898848,-0.1510106777108712,-0.0818073448679362,-0.0005479828221048,0,7,Low,random_forest,flood
-0.5103441415395767,-1.5666989036012806,1.009387161541086,0.8278554388882464,0.4994863423485531,0,7,Low,random_forest,flood
0.5212726850910978,1.5666989036012806,1.009387161541086,1.168978982796815,0.4994863423485531,0,7,Low,random_forest,flood
1.4792025955338666,-1.2185435916898848,-1.0213090571498389,1.2826868307663375,0.9995206675192112,0,7,Low,random_forest,flood
0.7914580444467505,-0.1740776559556978,-1.6015079767758174,-0.7640544326850732,-0.5005823079927629,0,7,Low,random_forest,flood
-0.3629703091637662,0.5222329678670935,-0.1510106777108712,-1.560009368471733,-1.000616633163421,0,7,Low,random_forest,flood
0.3247742419233501,-0.5222329678670935,-0.7312095973368496,-0.991470128624119,0.9995206675192112,0,7,Low,random_forest,flood
-1.934957854505746,-0.1740776559556978,0.139088782102118,0.3730240470101551,0.4994863423485531,0,7,Low,random_forest,flood
0.5458349904870662,-0.1740776559556978,-1.3114085169628282,0.8278554388882464,0.9995206675192112,0,7,Low,random_forest,flood
-2.106893992277525,-0.5222329678670935,0.139088782102118,-1.560009368471733,-1.500650958334079,0,7,Low,random_forest,flood
-0.4366572253516713,-0.8703882797784892,0.4291882419151073,-0.991470128624119,1.4995549926898692,0,7,Low,random_forest,flood
-0.5349064469355451,0.8703882797784892,1.009387161541086,-1.673717216441256,0.9995206675192112,0,7,Low,random_forest,flood
-0.7805295008952295,0.1740776559556978,-0.1510106777108712,0.1456083510711094,-1.000616633163421,0,7,Low,random_forest,flood
0.64408421207094,0.1740776559556978,-1.3114085169628282,0.3730240470101551,-0.5005823079927629,0,7,Low,random_forest,flood
-0.0436603390161764,-0.8703882797784892,1.299486621354075,-1.3325936725326877,0.4994863423485531,0,7,Low,random_forest,flood
-1.4437117465863774,-0.5222329678670935,-0.1510106777108712,0.1456083510711094,1.4995549926898692,0,7,Low,random_forest,flood
1.037081098406435,1.5666989036012806,1.5895860811670643,0.4867318949796779,-0.0005479828221048,0,7,Low,random_forest,flood
1.9704487034532352,-1.2185435916898848,-1.3114085169628282,-0.3092230408069819,0.9995206675192112,0,7,Low,random_forest,flood
-0.4120949199557029,1.2185435916898848,-0.4411101375238604,-0.7640544326850732,-1.000616633163421,0,7,Low,random_forest,flood
0.1282757987556025,-0.5222329678670935,-1.3114085169628282,1.168978982796815,1.4995549926898692,0,7,Low,random_forest,flood
-0.4366572253516713,0.1740776559556978,0.139088782102118,0.8278554388882464,-0.5005823079927629,0,7,Low,random_forest,flood
-0.0682226444121447,-1.5666989036012806,0.7192877017280965,-0.0818073448679362,-1.000616633163421,0,7,Low,random_forest,flood
-0.977027944062977,-0.8703882797784892,-0.1510106777108712,-0.3092230408069819,-1.500650958334079,0,7,Low,random_forest,flood
-0.0436603390161764,-0.1740776559556978,-0.7312095973368496,0.0319005031015865,-1.000616633163421,0,7,Low,random_forest,flood
1.0862057091983717,0.1740776559556978,-1.0213090571498389,0.3730240470101551,-0.5005823079927629,0,7,Low,random_forest,flood
0.9388318768225612,1.2185435916898848,-1.0213090571498389,-0.0818073448679362,-0.5005823079927629,0,7,Low,random_forest,flood
-0.8787787224791034,0.5222329678670935,1.009387161541086,-0.195515192837459,-0.5005823079927629,0,7,Low,random_forest,flood
-0.706842584707324,-0.8703882797784892,-0.1510106777108712,-0.7640544326850732,-0.0005479828221048,0,7,Low,random_forest,flood
-0.2155964767879553,0.1740776559556978,-0.4411101375238604,1.5101025267053834,-0.0005479828221048,0,7,Low,random_forest,flood
-1.2717756088145982,-1.5666989036012806,0.4291882419151073,1.2826868307663375,-0.0005479828221048,0,7,Low,random_forest,flood
0.3002119365273818,-1.2185435916898848,-0.7312095973368496,-0.991470128624119,-0.5005823079927629,0,7,Low,random_forest,flood
0.9142695714265928,1.5666989036012806,1.009387161541086,1.6238103746749062,-1.000616633163421,0,7,Low,random_forest,flood
0.496710379695129,-0.5222329678670935,-0.7312095973368496,0.3730240470101551,-0.0005479828221048,0,7,Low,random_forest,flood
1.1844549307822454,-0.8703882797784892,-1.3114085169628282,-1.3325936725326877,0.4994863423485531,0,7,Low,random_forest,flood
-1.026152554854914,-0.1740776559556978,0.4291882419151073,-1.673717216441256,-0.0005479828221048,0,7,Low,random_forest,flood
0.8160203498427189,0.8703882797784892,-0.4411101375238604,-1.560009368471733,-1.500650958334079,0,7,Low,random_forest,flood
0.7423334336548134,-1.2185435916898848,0.4291882419151073,1.5101025267053834,1.4995549926898692,0,7,Low,random_forest,flood
-0.8050918062911978,-0.8703882797784892,0.139088782102118,0.0319005031015865,0.9995206675192112,0,7,Low,random_forest,flood
-1.3209002196065351,-1.5666989036012806,-0.1510106777108712,0.9415632868577692,-0.5005823079927629,0,7,Low,random_forest,flood
2.707317865332288,-1.2185435916898848,-1.0213090571498389,0.0319005031015865,-1.000616633163421,0,7,Low,random_forest,flood
-0.5349064469355451,-1.5666989036012806,0.4291882419151073,-1.4463015205022105,-1.500650958334079,0,7,Low,random_forest,flood
-2.131456297673493,-1.5666989036012806,-0.1510106777108712,-0.991470128624119,1.4995549926898692,0,7,Low,random_forest,flood
1.7493879548895197,1.2185435916898848,-1.3114085169628282,-0.195515192837459,-1.000616633163421,0,7,Low,random_forest,flood
0.9388318768225612,0.5222329678670935,1.5895860811670643,-0.3092230408069819,1.4995549926898692,0,7,Low,random_forest,flood
1.11076801459434,-0.1740776559556978,-0.7312095973368496,-1.4463015205022105,-0.5005823079927629,0,7,Low,random_forest,flood
-0.2647210875798924,-1.2185435916898848,-0.7312095973368496,-0.7640544326850732,0.4994863423485531,0,7,Low,random_forest,flood
-1.5419609681702509,-0.1740776559556978,0.139088782102118,-0.6503465847155504,-0.5005823079927629,0,7,Low,random_forest,flood
0.717771128258845,-0.8703882797784892,-1.0213090571498389,-0.6503465847155504,-0.0005479828221048,0,7,Low,random_forest,flood
0.5703972958830346,-1.5666989036012806,-0.7312095973368496,-0.3092230408069819,-1.500650958334079,0,7,Low,random_forest,flood
-0.5103441415395767,-0.5222329678670935,0.7192877017280965,0.8278554388882464,1.4995549926898692,0,7,Low,random_forest,flood
0.6932088228628767,-0.5222329678670935,-1.0213090571498389,-0.991470128624119,-0.5005823079927629,0,7,Low,random_forest,flood
-1.3945871357944404,-1.5666989036012806,0.4291882419151073,1.3963946787358603,0.4994863423485531,0,7,Low,random_forest,flood
0.0054642717757602,0.5222329678670935,1.5895860811670643,0.7141475909187236,-1.000616633163421,0,7,Low,random_forest,flood
0.8405826552386872,-0.5222329678670935,1.009387161541086,-0.877762280654596,-1.500650958334079,0,7,Low,random_forest,flood
0.2019627149435079,-0.8703882797784892,1.5895860811670643,-0.5366387367460276,1.4995549926898692,0,7,Low,random_forest,flood
0.3738988527152868,1.2185435916898848,1.5895860811670643,0.9415632868577692,1.4995549926898692,0,7,Low,random_forest,flood
0.5212726850910978,0.1740776559556978,-1.0213090571498389,-1.4463015205022105,-1.500650958334079,0,7,Low,random_forest,flood
-0.4366572253516713,-0.1740776559556978,-0.4411101375238604,-1.673717216441256,-0.5005823079927629,0,7,Low,random_forest,flood
0.1037134933596341,0.5222329678670935,-0.7312095973368496,1.6238103746749062,-0.0005479828221048,0,7,Low,random_forest,flood
-0.2892833929758607,-0.5222329678670935,1.009387161541086,1.5101025267053834,-1.500650958334079,0,7,Low,random_forest,flood
2.658193254540352,-1.5666989036012806,-1.3114085169628282,-0.195515192837459,0.9995206675192112,0,7,Low,random_forest,flood
2.68275555993632,-1.5666989036012806,-1.3114085169628282,-0.0818073448679362,1.4995549926898692,0,7,Low,random_forest,flood
-0.5840310577274819,-0.5222329678670935,1.299486621354075,0.7141475909187236,-0.0005479828221048,0,7,Low,random_forest,flood
0.9388318768225612,-1.5666989036012806,1.299486621354075,1.5101025267053834,1.4995549926898692,0,7,Low,random_forest,flood
-1.0998394710428192,-1.2185435916898848,0.7192877017280965,-0.195515192837459,-1.000616633163421,0,7,Low,random_forest,flood
1.8230748710774247,-0.5222329678670935,-1.6015079767758174,-0.195515192837459,0.9995206675192112,0,7,Low,random_forest,flood
-0.977027944062977,-1.5666989036012806,0.7192877017280965,0.9415632868577692,-0.0005479828221048,0,7,Low,random_forest,flood
-0.2155964767879553,-1.2185435916898848,1.5895860811670643,-1.560009368471733,-0.0005479828221048,0,7,Low,random_forest,flood
-1.198088692626693,-0.5222329678670935,-0.4411101375238604,-0.3092230408069819,1.4995549926898692,0,7,Low,random_forest,flood
-1.2963379142105669,1.5666989036012806,-0.1510106777108712,1.2826868307663375,-0.5005823079927629,0,7,Low,random_forest,flood
0.1037134933596341,-0.8703882797784892,1.009387161541086,0.8278554388882464,1.4995549926898692,0,7,Low,random_forest,flood
0.6195219066749712,-0.1740776559556978,1.5895860811670643,0.7141475909187236,1.4995549926898692,0,7,Low,random_forest,flood
2.461694811372604,-1.5666989036012806,-1.3114085169628282,1.3963946787358603,0.9995206675192112,0,7,Low,random_forest,flood
1.7985125656814562,1.2185435916898848,-1.3114085169628282,-0.877762280654596,-0.5005823079927629,0,7,Low,random_forest,flood
-0.0436603390161764,0.1740776559556978,1.009387161541086,-1.673717216441256,-0.5005823079927629,0,7,Low,random_forest,flood
1.0616434038024032,-1.2185435916898848,-1.3114085169628282,0.4867318949796779,0.9995206675192112,0,7,Low,random_forest,flood
0.717771128258845,-0.5222329678670935,-1.3114085169628282,0.9415632868577692,0.4994863423485531,0,7,Low,random_forest,flood
-0.0682226444121447,-0.8703882797784892,1.299486621354075,-0.7640544326850732,-0.5005823079927629,0,7,Low,random_forest,flood
-0.1419095606000502,1.2185435916898848,0.7192877017280965,0.3730240470101551,-1.000616633163421,0,7,Low,random_forest,flood
-0.4612195307476396,0.5222329678670935,-0.4411101375238604,1.168978982796815,-1.000616633163421,0,7,Low,random_forest,flood
1.0862057091983717,-0.1740776559556978,-1.3114085169628282,-0.4229308887765047,-1.000616633163421,0,7,Low,random_forest,flood
-0.7314048901032928,1.5666989036012806,-0.1510106777108712,-1.560009368471733,0.9995206675192112,0,7,Low,random_forest,flood
1.1598926253862771,0.8703882797784892,-0.7312095973368496,1.055271134827292,-1.500650958334079,0,7,Low,random_forest,flood
-1.3454625250025034,-0.8703882797784892,0.7192877017280965,-1.3325936725326877,1.4995549926898692,0,7,Low,random_forest,flood
0.0791511879636657,-1.5666989036012806,1.299486621354075,-1.1051779765936418,0.4994863423485531,0,7,Low,random_forest,flood
-0.6822802793113557,1.5666989036012806,0.4291882419151073,-0.0818073448679362,-0.5005823079927629,0,7,Low,random_forest,flood
-0.4366572253516713,0.5222329678670935,1.5895860811670643,-1.3325936725326877,0.4994863423485531,0,7,Low,random_forest,flood
-0.5349064469355451,0.5222329678670935,-0.7312095973368496,1.055271134827292,0.9995206675192112,0,7,Low,random_forest,flood
0.7423334336548134,-0.1740776559556978,1.5895860811670643,0.4867318949796779,0.4994863423485531,0,7,Low,random_forest,flood
0.8651449606346556,0.5222329678670935,1.5895860811670643,0.1456083510711094,-0.0005479828221048,0,7,Low,random_forest,flood
-1.0752771656468507,-0.5222329678670935,0.139088782102118,0.7141475909187236,1.4995549926898692,0,7,Low,random_forest,flood
-2.229705519257368,0.1740776559556978,0.139088782102118,1.168978982796815,0.9995206675192112,0,7,Low,random_forest,flood
-0.0436603390161764,-0.1740776559556978,-1.6015079767758174,-1.1051779765936418,1.4995549926898692,0,7,Low,random_forest,flood
0.4721480742991606,0.1740776559556978,-1.6015079767758174,0.2593161990406322,0.9995206675192112,0,7,Low,random_forest,flood
1.1353303199903086,-1.2185435916898848,1.299486621354075,1.055271134827292,-0.0005479828221048,0,7,Low,random_forest,flood
1.11076801459434,0.8703882797784892,-0.7312095973368496,-0.4229308887765047,-1.000616633163421,0,7,Low,random_forest,flood
1.1598926253862771,-0.1740776559556978,-1.6015079767758174,0.0319005031015865,-0.5005823079927629,0,7,Low,random_forest,flood
0.2019627149435079,-0.1740776559556978,-0.7312095973368496,1.5101025267053834,-1.500650958334079,0,7,Low,random_forest,flood
-1.5419609681702509,0.5222329678670935,0.4291882419151073,-0.6503465847155504,-1.500650958334079,0,7,Low,random_forest,flood
0.9879564876144976,-1.2185435916898848,-1.6015079767758174,-1.3325936725326877,-1.500650958334079,0,7,Low,random_forest,flood
-0.5103441415395767,0.1740776559556978,1.299486621354075,-1.4463015205022105,-1.500650958334079,0,7,Low,random_forest,flood
0.5212726850910978,0.8703882797784892,-0.7312095973368496,0.9415632868577692,1.4995549926898692,0,7,Low,random_forest,flood
-0.706842584707324,-1.5666989036012806,0.139088782102118,-0.877762280654596,-0.5005823079927629,0,7,Low,random_forest,flood
0.3247742419233501,-0.5222329678670935,1.5895860811670643,-0.3092230408069819,-0.0005479828221048,0,7,Low,random_forest,flood
0.0791511879636657,-0.8703882797784892,-1.6015079767758174,0.1456083510711094,-1.500650958334079,0,7,Low,random_forest,flood
0.2510873257354447,-0.5222329678670935,1.5895860811670643,1.168978982796815,-0.5005823079927629,0,7,Low,random_forest,flood
-0.8296541116871664,1.5666989036012806,0.4291882419151073,-0.3092230408069819,-1.500650958334079,0,7,Low,random_forest,flood
1.7248256494935508,-0.1740776559556978,1.5895860811670643,-0.991470128624119,0.9995206675192112,0,7,Low,random_forest,flood
0.3738988527152868,0.5222329678670935,-1.3114085169628282,-1.4463015205022105,-1.000616633163421,0,7,Low,random_forest,flood
-0.1419095606000502,0.5222329678670935,-0.7312095973368496,0.8278554388882464,-0.0005479828221048,0,7,Low,random_forest,flood
-1.4682740519823456,-1.2185435916898848,0.139088782102118,0.3730240470101551,-1.500650958334079,0,7,Low,random_forest,flood
-0.240158782183924,1.2185435916898848,1.009387161541086,0.9415632868577692,-1.000616633163421,0,7,Low,random_forest,flood
-0.019098033620208,-1.5666989036012806,1.5895860811670643,0.6004397429492008,-1.500650958334079,0,7,Low,random_forest,flood
-0.7559671954992612,-1.5666989036012806,0.4291882419151073,1.5101025267053834,0.9995206675192112,0,7,Low,random_forest,flood
-1.026152554854914,1.2185435916898848,0.4291882419151073,1.5101025267053834,-1.000616633163421,0,7,Low,random_forest,flood
-0.6085933631234506,-1.2185435916898848,-0.4411101375238604,-0.5366387367460276,-1.000616633163421,0,7,Low,random_forest,flood
0.0545888825676974,0.8703882797784892,1.009387161541086,0.7141475909187236,0.9995206675192112,0,7,Low,random_forest,flood
-1.0752771656468507,-0.1740776559556978,-0.7312095973368496,0.8278554388882464,-1.000616633163421,0,7,Low,random_forest,flood
0.3247742419233501,-0.8703882797784892,1.009387161541086,-0.0818073448679362,0.9995206675192112,0,7,Low,random_forest,flood
-2.0086447706936514,1.5666989036012806,0.7192877017280965,-0.877762280654596,0.9995206675192112,0,7,Low,random_forest,flood
0.1528381041515712,-0.8703882797784892,1.009387161541086,0.0319005031015865,1.4995549926898692,0,7,Low,random_forest,flood
1.0862057091983717,-0.8703882797784892,-1.6015079767758174,1.168978982796815,-0.5005823079927629,0,7,Low,random_forest,flood
-0.1664718659960185,-0.1740776559556978,-0.7312095973368496,1.3963946787358603,1.4995549926898692,0,7,Low,random_forest,flood
0.5949596012790028,-1.2185435916898848,-0.7312095973368496,-0.5366387367460276,1.4995549926898692,0,7,Low,random_forest,flood
-0.4120949199557029,1.2185435916898848,1.009387161541086,-1.3325936725326877,-0.5005823079927629,0,7,Low,random_forest,flood
0.4475857689031923,0.5222329678670935,-1.0213090571498389,0.4867318949796779,0.4994863423485531,0,7,Low,random_forest,flood
-0.706842584707324,-0.5222329678670935,-0.1510106777108712,0.7141475909187236,0.4994863423485531,0,7,Low,random_forest,flood
-1.6402101897541248,-1.2185435916898848,0.139088782102118,1.3963946787358603,-0.5005823079927629,0,7,Low,random_forest,flood
-0.1419095606000502,-1.5666989036012806,-0.1510106777108712,-1.560009368471733,-1.000616633163421,0,7,Low,random_forest,flood
-0.3629703091637662,0.5222329678670935,1.009387161541086,1.3963946787358603,-0.5005823079927629,0,7,Low,random_forest,flood
-2.5735777948009257,-0.5222329678670935,0.139088782102118,-0.3092230408069819,0.4994863423485531,0,7,Low,random_forest,flood
2.019573314245172,1.2185435916898848,-1.3114085169628282,-0.0818073448679362,-0.5005823079927629,0,7,Low,random_forest,flood
-0.8542164170831348,1.5666989036012806,0.4291882419151073,-0.991470128624119,-1.000616633163421,0,7,Low,random_forest,flood
0.030026577171729,-1.2185435916898848,1.299486621354075,-0.877762280654596,-1.500650958334079,0,7,Low,random_forest,flood
-0.9524656386670086,-1.5666989036012806,0.7192877017280965,-0.195515192837459,-1.500650958334079,0,7,Low,random_forest,flood
-1.4191494411904089,1.5666989036012806,0.139088782102118,-0.5366387367460276,-0.5005823079927629,0,7,Low,random_forest,flood
1.9704487034532352,-1.2185435916898848,-1.0213090571498389,-0.0818073448679362,-1.500650958334079,0,7,Low,random_forest,flood
-0.3629703091637662,-1.5666989036012806,1.5895860811670643,-0.3092230408069819,1.4995549926898692,0,7,Low,random_forest,flood
-1.5910855789621878,-1.2185435916898848,1.009387161541086,-1.2188858245631646,-1.000616633163421,0,7,Low,random_forest,flood
1.405515679345961,-0.8703882797784892,-1.3114085169628282,1.055271134827292,0.4994863423485531,0,7,Low,random_forest,flood
0.0791511879636657,0.1740776559556978,-0.4411101375238604,0.0319005031015865,0.4994863423485531,0,7,Low,random_forest,flood
1.2581418469701509,1.2185435916898848,-1.3114085169628282,-1.4463015205022105,0.4994863423485531,0,7,Low,random_forest,flood
-0.5594687523315135,-0.5222329678670935,0.7192877017280965,0.2593161990406322,-1.000616633163421,0,7,Low,random_forest,flood
-1.4437117465863774,0.5222329678670935,0.4291882419151073,-0.991470128624119,0.4994863423485531,0,7,Low,random_forest,flood
0.2019627149435079,-0.5222329678670935,1.299486621354075,-0.4229308887765047,-1.500650958334079,0,7,Low,random_forest,flood
-0.2892833929758607,-0.1740776559556978,-0.1510106777108712,-0.6503465847155504,-1.500650958334079,0,7,Low,random_forest,flood
-1.934957854505746,-0.5222329678670935,-0.4411101375238604,-1.2188858245631646,0.9995206675192112,0,7,Low,random_forest,flood
-1.1244017764387877,0.8703882797784892,-0.7312095973368496,-0.7640544326850732,0.9995206675192112,0,7,Low,random_forest,flood
-1.2717756088145982,-0.5222329678670935,0.4291882419151073,-0.0818073448679362,-0.5005823079927629,0,7,Low,random_forest,flood
-1.198088692626693,0.8703882797784892,0.139088782102118,0.0319005031015865,0.9995206675192112,0,7,Low,random_forest,flood
-1.2226509980226614,1.2185435916898848,1.009387161541086,-1.560009368471733,-1.500650958334079,0,7,Low,random_forest,flood
-0.2892833929758607,0.8703882797784892,0.139088782102118,-0.195515192837459,-0.0005479828221048,0,7,Low,random_forest,flood
-0.240158782183924,-1.5666989036012806,-0.1510106777108712,1.3963946787358603,1.4995549926898692,0,7,Low,random_forest,flood
0.1037134933596341,0.8703882797784892,-1.6015079767758174,1.055271134827292,-1.500650958334079,0,7,Low,random_forest,flood
-1.71389710594203,0.5222329678670935,0.4291882419151073,0.2593161990406322,-1.000616633163421,0,7,Low,random_forest,flood
0.496710379695129,0.5222329678670935,-1.3114085169628282,1.2826868307663375,0.4994863423485531,0,7,Low,random_forest,flood
0.3738988527152868,0.1740776559556978,-1.0213090571498389,-0.5366387367460276,-1.000616633163421,0,7,Low,random_forest,flood
1.1598926253862771,-0.5222329678670935,-1.3114085169628282,-0.7640544326850732,-0.0005479828221048,0,7,Low,random_forest,flood
-1.1735263872307244,1.5666989036012806,-0.1510106777108712,0.0319005031015865,0.9995206675192112,0,7,Low,random_forest,flood
0.1037134933596341,-0.1740776559556978,0.7192877017280965,0.9415632868577692,-1.000616633163421,0,7,Low,random_forest,flood
0.7423334336548134,0.1740776559556978,1.5895860811670643,1.3963946787358603,1.4995549926898692,0,7,Low,random_forest,flood
0.64408421207094,-0.5222329678670935,-1.0213090571498389,-0.6503465847155504,0.9995206675192112,0,7,Low,random_forest,flood
-0.5103441415395767,0.5222329678670935,-0.7312095973368496,0.9415632868577692,0.4994863423485531,0,7,Low,random_forest,flood
0.5949596012790028,1.5666989036012806,1.5895860811670643,0.0319005031015865,1.4995549926898692,0,7,Low,random_forest,flood
0.8160203498427189,0.8703882797784892,-1.3114085169628282,-1.4463015205022105,-0.5005823079927629,0,7,Low,random_forest,flood
3.3950624164194045,-1.5666989036012806,-1.6015079767758174,-0.0818073448679362,-0.0005479828221048,0,7,Low,random_forest,flood
1.4546402901378983,-0.5222329678670935,-1.6015079767758174,-1.4463015205022105,-1.000616633163421,0,7,Low,random_forest,flood
-1.5665232735662196,-1.5666989036012806,-0.1510106777108712,0.8278554388882464,-1.000616633163421,0,7,Low,random_forest,flood
-1.7875840221299353,-0.8703882797784892,-0.1510106777108712,1.2826868307663375,-1.500650958334079,0,7,Low,random_forest,flood
-0.2892833929758607,0.8703882797784892,0.7192877017280965,-1.560009368471733,0.4994863423485531,0,7,Low,random_forest,flood
1.6265764279096775,-1.5666989036012806,1.299486621354075,1.3963946787358603,0.9995206675192112,0,7,Low,random_forest,flood
0.2019627149435079,1.2185435916898848,-1.0213090571498389,0.1456083510711094,0.4994863423485531,0,7,Low,random_forest,flood
1.3563910685540244,-1.2185435916898848,-1.0213090571498389,-0.991470128624119,1.4995549926898692,0,7,Low,random_forest,flood
1.1844549307822454,-0.1740776559556978,-1.3114085169628282,-0.3092230408069819,-0.5005823079927629,0,7,Low,random_forest,flood
-0.5840310577274819,-0.1740776559556978,0.4291882419151073,0.1456083510711094,0.9995206675192112,0,7,Low,random_forest,flood
-0.5594687523315135,1.5666989036012806,-0.4411101375238604,0.0319005031015865,-0.5005823079927629,0,7,Low,random_forest,flood
-0.6085933631234506,-0.5222329678670935,-0.7312095973368496,1.168978982796815,-0.0005479828221048,0,7,Low,random_forest,flood
0.423023463507224,-1.2185435916898848,-0.7312095973368496,1.055271134827292,1.4995549926898692,0,7,Low,random_forest,flood
-0.706842584707324,1.5666989036012806,1.299486621354075,0.4867318949796779,-1.000616633163421,0,7,Low,random_forest,flood
0.5212726850910978,0.8703882797784892,-1.3114085169628282,1.055271134827292,-0.0005479828221048,0,7,Low,random_forest,flood
-1.148964081834756,1.5666989036012806,0.139088782102118,1.168978982796815,-0.0005479828221048,0,7,Low,random_forest,flood
-0.0436603390161764,0.1740776559556978,1.5895860811670643,-1.673717216441256,-1.500650958334079,0,7,Low,random_forest,flood
-0.4366572253516713,0.8703882797784892,1.299486621354075,-0.7640544326850732,-0.5005823079927629,0,7,Low,random_forest,flood
-1.198088692626693,-0.1740776559556978,-0.1510106777108712,0.7141475909187236,0.9995206675192112,0,7,Low,random_forest,flood
0.8405826552386872,-0.1740776559556978,-1.3114085169628282,0.4867318949796779,-0.5005823079927629,0,7,Low,random_forest,flood
0.3493365473193185,-1.5666989036012806,1.299486621354075,0.6004397429492008,0.9995206675192112,0,7,Low,random_forest,flood
-0.7314048901032928,-0.1740776559556978,-0.1510106777108712,-1.1051779765936418,-0.0005479828221048,0,7,Low,random_forest,flood
-0.1664718659960185,-0.5222329678670935,-1.0213090571498389,-1.4463015205022105,0.9995206675192112,0,7,Low,random_forest,flood
-0.4612195307476396,1.5666989036012806,0.4291882419151073,-0.195515192837459,-1.000616633163421,0,7,Low,random_forest,flood
0.423023463507224,0.8703882797784892,1.299486621354075,0.7141475909187236,-1.000616633163421,0,7,Low,random_forest,flood
-0.1910341713919869,1.5666989036012806,0.7192877017280965,-1.2188858245631646,-0.5005823079927629,0,7,Low,random_forest,flood
1.4300779847419298,-1.5666989036012806,-1.0213090571498389,-1.4463015205022105,-1.000616633163421,0,7,Low,random_forest,flood
0.4475857689031923,-0.5222329678670935,-1.3114085169628282,-1.4463015205022105,0.4994863423485531,0,7,Low,random_forest,flood
0.4721480742991606,-1.2185435916898848,1.009387161541086,-0.3092230408069819,-0.5005823079927629,0,7,Low,random_forest,flood
-0.2647210875798924,-1.5666989036012806,0.7192877017280965,-0.4229308887765047,0.9995206675192112,0,7,Low,random_forest,flood
-0.2892833929758607,0.5222329678670935,1.009387161541086,-0.3092230408069819,-1.000616633163421,0,7,Low,random_forest,flood
0.8160203498427189,1.5666989036012806,-1.6015079767758174,0.3730240470101551,0.4994863423485531,0,7,Low,random_forest,flood
0.9879564876144976,-1.2185435916898848,1.5895860811670643,-0.195515192837459,-1.000616633163421,0,7,Low,random_forest,flood
0.9633941822185296,-0.1740776559556978,1.009387161541086,0.1456083510711094,-0.0005479828221048,0,7,Low,random_forest,flood
-1.4682740519823456,-1.5666989036012806,0.4291882419151073,-0.6503465847155504,-1.500650958334079,0,7,Low,random_forest,flood
-0.8296541116871664,-0.1740776559556978,0.139088782102118,-0.4229308887765047,0.4994863423485531,0,7,Low,random_forest,flood
2.2651963682048564,-0.8703882797784892,-1.3114085169628282,1.2826868307663375,1.4995549926898692,0,7,Low,random_forest,flood
0.8160203498427189,-1.5666989036012806,-1.0213090571498389,1.6238103746749062,-1.500650958334079,0,7,Low,random_forest,flood
0.3738988527152868,1.5666989036012806,-0.7312095973368496,0.9415632868577692,-1.000616633163421,0,7,Low,random_forest,flood
0.1528381041515712,0.8703882797784892,-1.3114085169628282,0.0319005031015865,-1.000616633163421,0,7,Low,random_forest,flood
0.1528381041515712,1.2185435916898848,-1.0213090571498389,1.3963946787358603,-1.000616633163421,0,7,Low,random_forest,flood
0.1037134933596341,-0.5222329678670935,0.4291882419151073,-0.877762280654596,-0.5005823079927629,0,7,Low,random_forest,flood
0.9879564876144976,0.5222329678670935,1.299486621354075,0.1456083510711094,-1.000616633163421,0,7,Low,random_forest,flood
0.0791511879636657,0.5222329678670935,-1.3114085169628282,1.168978982796815,-0.0005479828221048,0,7,Low,random_forest,flood
-0.8787787224791034,1.2185435916898848,0.4291882419151073,-1.1051779765936418,1.4995549926898692,0,7,Low,random_forest,flood
0.5212726850910978,1.5666989036012806,-1.6015079767758174,-1.560009368471733,-1.000616633163421,0,7,Low,random_forest,flood
0.8160203498427189,-1.2185435916898848,1.299486621354075,-0.195515192837459,1.4995549926898692,0,7,Low,random_forest,flood
0.5458349904870662,-0.1740776559556978,-0.4411101375238604,1.5101025267053834,-0.5005823079927629,0,7,Low,random_forest,flood
-0.2647210875798924,-0.5222329678670935,-0.1510106777108712,0.9415632868577692,1.4995549926898692,0,7,Low,random_forest,flood
-1.5173986627742826,0.5222329678670935,0.4291882419151073,1.6238103746749062,1.4995549926898692,0,7,Low,random_forest,flood
0.5949596012790028,-0.5222329678670935,-1.3114085169628282,-0.3092230408069819,-1.500650958334079,0,7,Low,random_forest,flood
0.9633941822185296,-0.5222329678670935,-1.0213090571498389,0.3730240470101551,-1.500650958334079,0,7,Low,random_forest,flood
-1.2226509980226614,-1.5666989036012806,1.009387161541086,-0.5366387367460276,1.4995549926898692,0,7,Low,random_forest,flood
0.496710379695129,-1.5666989036012806,1.009387161541086,-1.560009368471733,0.4994863423485531,0,7,Low,random_forest,flood
-0.0682226444121447,-0.8703882797784892,1.5895860811670643,-0.6503465847155504,0.9995206675192112,0,7,Low,random_forest,flood
0.423023463507224,0.8703882797784892,1.5895860811670643,1.2826868307663375,-1.000616633163421,0,7,Low,random_forest,flood
-0.1419095606000502,1.5666989036012806,-0.1510106777108712,0.8278554388882464,0.9995206675192112,0,7,Low,random_forest,flood
0.9633941822185296,-0.8703882797784892,-1.0213090571498389,0.8278554388882464,-0.5005823079927629,0,7,Low,random_forest,flood
0.6686465174669084,-1.2185435916898848,-1.3114085169628282,1.3963946787358603,1.4995549926898692,0,7,Low,random_forest,flood
-0.5594687523315135,-0.8703882797784892,1.009387161541086,0.4867318949796779,-0.0005479828221048,0,7,Low,random_forest,flood
-1.2717756088145982,-1.2185435916898848,-0.4411101375238604,0.7141475909187236,0.9995206675192112,0,7,Low,random_forest,flood
-1.664772495150093,0.1740776559556978,0.139088782102118,-0.3092230408069819,1.4995549926898692,0,7,Low,random_forest,flood
-0.3629703091637662,0.1740776559556978,1.299486621354075,-0.6503465847155504,-1.500650958334079,0,7,Low,random_forest,flood
1.6757010387016142,0.1740776559556978,-1.0213090571498389,1.2826868307663375,-0.0005479828221048,0,7,Low,random_forest,flood
0.8160203498427189,-0.8703882797784892,1.299486621354075,0.9415632868577692,-0.0005479828221048,0,7,Low,random_forest,flood
-1.9103955491097773,-1.2185435916898848,0.139088782102118,-1.3325936725326877,1.4995549926898692,0,7,Low,random_forest,flood
-0.9033410278750716,-1.2185435916898848,0.139088782102118,-0.4229308887765047,-1.500650958334079,0,7,Low,random_forest,flood
1.405515679345961,-0.8703882797784892,-1.6015079767758174,0.8278554388882464,1.4995549926898692,0,7,Low,random_forest,flood
-0.3384080037677974,-1.2185435916898848,-1.0213090571498389,0.3730240470101551,0.4994863423485531,0,7,Low,random_forest,flood
0.2756496311314134,1.5666989036012806,-0.4411101375238604,-0.4229308887765047,0.9995206675192112,0,7,Low,random_forest,flood
-1.148964081834756,-1.5666989036012806,0.4291882419151073,-0.991470128624119,0.4994863423485531,0,7,Low,random_forest,flood
0.64408421207094,0.1740776559556978,-1.6015079767758174,-1.560009368471733,-0.0005479828221048,0,7,Low,random_forest,flood
1.1353303199903086,1.2185435916898848,-0.7312095973368496,1.3963946787358603,0.4994863423485531,0,7,Low,random_forest,flood
-0.706842584707324,1.5666989036012806,-0.1510106777108712,0.4867318949796779,-0.5005823079927629,0,7,Low,random_forest,flood
0.0054642717757602,1.5666989036012806,0.139088782102118,0.0319005031015865,-1.500650958334079,0,7,Low,random_forest,flood
-0.6085933631234506,-0.5222329678670935,-0.4411101375238604,0.3730240470101551,0.9995206675192112,0,7,Low,random_forest,flood
-0.2647210875798924,1.2185435916898848,-0.1510106777108712,0.3730240470101551,-1.500650958334079,0,7,Low,random_forest,flood
-0.8050918062911978,1.2185435916898848,-0.1510106777108712,-0.7640544326850732,0.4994863423485531,0,7,Low,random_forest,flood
0.9879564876144976,0.8703882797784892,-0.7312095973368496,-0.3092230408069819,-0.5005823079927629,0,7,Low,random_forest,flood
-1.148964081834756,1.2185435916898848,0.7192877017280965,-0.195515192837459,-0.0005479828221048,0,7,Low,random_forest,flood
0.5458349904870662,1.5666989036012806,-1.3114085169628282,-0.991470128624119,-0.5005823079927629,0,7,Low,random_forest,flood
1.2581418469701509,-0.8703882797784892,-1.0213090571498389,0.7141475909187236,-1.000616633163421,0,7,Low,random_forest,flood
0.9142695714265928,-1.2185435916898848,1.009387161541086,-0.991470128624119,-0.0005479828221048,0,7,Low,random_forest,flood
0.2510873257354447,-0.1740776559556978,-1.6015079767758174,-0.877762280654596,-1.000616633163421,0,7,Low,random_forest,flood
1.5037649009298353,0.8703882797784892,-1.6015079767758174,1.3963946787358603,-0.0005479828221048,0,7,Low,random_forest,flood
0.3247742419233501,-0.5222329678670935,-1.6015079767758174,-0.5366387367460276,-0.5005823079927629,0,7,Low,random_forest,flood
0.2019627149435079,0.8703882797784892,1.5895860811670643,-1.673717216441256,-0.0005479828221048,0,7,Low,random_forest,flood
-0.706842584707324,-1.2185435916898848,0.4291882419151073,-1.560009368471733,-1.500650958334079,0,7,Low,random_forest,flood
0.030026577171729,0.1740776559556978,0.7192877017280965,0.1456083510711094,-0.5005823079927629,0,7,Low,random_forest,flood
2.338883284392762,-1.5666989036012806,-1.6015079767758174,-1.673717216441256,-0.0005479828221048,0,7,Low,random_forest,flood
-0.4366572253516713,-0.8703882797784892,0.4291882419151073,-0.877762280654596,-1.500650958334079,0,7,Low,random_forest,flood
-0.6577179739153873,1.5666989036012806,0.4291882419151073,-0.4229308887765047,1.4995549926898692,0,7,Low,random_forest,flood
0.6195219066749712,0.8703882797784892,-0.7312095973368496,1.2826868307663375,-0.5005823079927629,0,7,Low,random_forest,flood
-2.4016416570291463,-0.1740776559556978,0.139088782102118,1.2826868307663375,0.9995206675192112,0,7,Low,random_forest,flood
1.1598926253862771,0.8703882797784892,-0.7312095973368496,-0.195515192837459,-0.0005479828221048,0,7,Low,random_forest,flood
-0.6577179739153873,-1.5666989036012806,0.7192877017280965,-1.2188858245631646,0.9995206675192112,0,7,Low,random_forest,flood
-0.4120949199557029,-0.8703882797784892,1.009387161541086,-1.3325936725326877,-1.000616633163421,0,7,Low,random_forest,flood
-1.763021716733967,-0.1740776559556978,0.4291882419151073,0.4867318949796779,-1.000616633163421,0,7,Low,random_forest,flood
0.9388318768225612,0.8703882797784892,-1.3114085169628282,0.6004397429492008,1.4995549926898692,0,7,Low,random_forest,flood
2.2160717574129194,0.5222329678670935,-0.7312095973368496,-1.1051779765936418,-1.500650958334079,0,7,Low,random_forest,flood
-0.0927849498081131,0.1740776559556978,1.299486621354075,-1.673717216441256,0.9995206675192112,0,7,Low,random_forest,flood
-1.2226509980226614,-1.5666989036012806,-0.1510106777108712,1.055271134827292,-0.0005479828221048,0,7,Low,random_forest,flood
0.496710379695129,-1.5666989036012806,1.009387161541086,-1.1051779765936418,-1.000616633163421,0,7,Low,random_forest,flood
-0.706842584707324,-0.8703882797784892,-0.4411101375238604,0.4867318949796779,0.4994863423485531,0,7,Low,random_forest,flood
2.5353817275605093,-0.8703882797784892,-1.3114085169628282,0.0319005031015865,-0.5005823079927629,0,7,Low,random_forest,flood
0.6932088228628767,-0.5222329678670935,-1.0213090571498389,0.4867318949796779,-1.000616633163421,0,7,Low,random_forest,flood
-0.633155668519419,1.2185435916898848,-0.7312095973368496,0.3730240470101551,-0.5005823079927629,0,7,Low,random_forest,flood
-0.3384080037677974,0.5222329678670935,-0.4411101375238604,-0.6503465847155504,1.4995549926898692,0,7,Low,random_forest,flood
-0.4120949199557029,1.5666989036012806,0.7192877017280965,-1.560009368471733,1.4995549926898692,0,7,Low,random_forest,flood
1.0862057091983717,-1.2185435916898848,-1.3114085169628282,0.6004397429492008,1.4995549926898692,0,7,Low,random_forest,flood
0.030026577171729,0.5222329678670935,-1.0213090571498389,0.6004397429492008,0.9995206675192112,0,7,Low,random_forest,flood
-1.0507148602508822,-1.5666989036012806,0.4291882419151073,-1.1051779765936418,-0.0005479828221048,0,7,Low,random_forest,flood
-0.9033410278750716,-0.1740776559556978,0.139088782102118,0.1456083510711094,-0.5005823079927629,0,7,Low,random_forest,flood
-1.4682740519823456,0.8703882797784892,0.7192877017280965,-0.195515192837459,-0.5005823079927629,0,7,Low,random_forest,flood
0.1774004095475396,-0.5222329678670935,1.299486621354075,-0.991470128624119,-0.5005823079927629,0,7,Low,random_forest,flood
-1.4437117465863774,-0.8703882797784892,0.139088782102118,0.7141475909187236,0.4994863423485531,0,7,Low,random_forest,flood
-0.9524656386670086,1.2185435916898848,0.4291882419151073,-0.5366387367460276,0.4994863423485531,0,7,Low,random_forest,flood
0.9142695714265928,0.5222329678670935,1.5895860811670643,-0.6503465847155504,-0.0005479828221048,0,7,Low,random_forest,flood
-0.2155964767879553,0.1740776559556978,1.299486621354075,-0.4229308887765047,-0.5005823079927629,0,7,Low,random_forest,flood
0.9879564876144976,0.5222329678670935,-1.3114085169628282,-0.991470128624119,0.9995206675192112,0,7,Low,random_forest,flood
1.380953373949993,-1.2185435916898848,-1.0213090571498389,1.168978982796815,0.4994863423485531,0,7,Low,random_forest,flood
1.528327206325803,0.8703882797784892,1.5895860811670643,-1.560009368471733,0.4994863423485531,0,7,Low,random_forest,flood
-0.1910341713919869,-0.8703882797784892,0.7192877017280965,-1.1051779765936418,-1.000616633163421,0,7,Low,random_forest,flood
-0.6085933631234506,-0.1740776559556978,0.7192877017280965,1.5101025267053834,1.4995549926898692,0,7,Low,random_forest,flood
-0.0436603390161764,-0.1740776559556978,-0.4411101375238604,-0.7640544326850732,-0.0005479828221048,0,7,Low,random_forest,flood
-0.5349064469355451,-1.2185435916898848,-1.0213090571498389,-0.6503465847155504,-0.5005823079927629,0,7,Low,random_forest,flood
-0.0927849498081131,-0.8703882797784892,1.299486621354075,0.4867318949796779,1.4995549926898692,0,7,Low,random_forest,flood
0.717771128258845,-1.2185435916898848,-1.6015079767758174,-0.991470128624119,-0.0005479828221048,0,7,Low,random_forest,flood
0.3247742419233501,1.2185435916898848,-1.0213090571498389,0.2593161990406322,0.9995206675192112,0,7,Low,random_forest,flood
1.6020141225137088,0.5222329678670935,1.5895860811670643,-0.0818073448679362,-1.000616633163421,0,7,Low,random_forest,flood
-0.0927849498081131,-0.5222329678670935,1.5895860811670643,-1.560009368471733,1.4995549926898692,0,7,Low,random_forest,flood
1.1844549307822454,-0.1740776559556978,1.299486621354075,1.168978982796815,-1.000616633163421,0,7,Low,random_forest,flood
-0.977027944062977,-0.1740776559556978,0.7192877017280965,1.6238103746749062,-1.500650958334079,0,7,Low,random_forest,flood
-0.1419095606000502,0.1740776559556978,1.009387161541086,-0.991470128624119,-1.000616633163421,0,7,Low,random_forest,flood
0.0054642717757602,0.5222329678670935,-1.6015079767758174,0.7141475909187236,-0.0005479828221048,0,7,Low,random_forest,flood
0.9879564876144976,-0.5222329678670935,-1.6015079767758174,-0.6503465847155504,-1.000616633163421,0,7,Low,random_forest,flood
-1.2226509980226614,-0.5222329678670935,-0.4411101375238604,1.2826868307663375,1.4995549926898692,0,7,Low,random_forest,flood
-0.3875326145597346,-1.5666989036012806,0.7192877017280965,-1.3325936725326877,0.4994863423485531,0,7,Low,random_forest,flood
0.3984611581112556,-0.5222329678670935,-0.7312095973368496,-0.0818073448679362,1.4995549926898692,0,7,Low,random_forest,flood
-0.6822802793113557,-1.2185435916898848,-0.4411101375238604,0.6004397429492008,0.4994863423485531,0,7,Low,random_forest,flood
-0.9524656386670086,0.8703882797784892,-0.1510106777108712,0.6004397429492008,-1.000616633163421,0,7,Low,random_forest,flood
0.5949596012790028,0.8703882797784892,-1.3114085169628282,0.1456083510711094,-0.5005823079927629,0,7,Low,random_forest,flood
0.717771128258845,1.5666989036012806,1.5895860811670643,-0.7640544326850732,1.4995549926898692,0,7,Low,random_forest,flood
-1.3209002196065351,1.2185435916898848,0.4291882419151073,-0.3092230408069819,1.4995549926898692,0,7,Low,random_forest,flood
-0.0682226444121447,1.2185435916898848,1.009387161541086,-0.5366387367460276,-0.5005823079927629,0,7,Low,random_forest,flood
0.030026577171729,0.5222329678670935,-1.0213090571498389,-0.6503465847155504,-1.000616633163421,0,7,Low,random_forest,flood
2.756442476124225,0.8703882797784892,-1.6015079767758174,-0.3092230408069819,-0.5005823079927629,0,7,Low,random_forest,flood
1.6020141225137088,1.2185435916898848,1.299486621354075,1.6238103746749062,-0.0005479828221048,0,7,Low,random_forest,flood
-0.4366572253516713,0.5222329678670935,0.139088782102118,0.3730240470101551,1.4995549926898692,0,7,Low,random_forest,flood
-0.4612195307476396,0.1740776559556978,0.4291882419151073,-1.1051779765936418,-0.5005823079927629,0,7,Low,random_forest,flood
-0.6085933631234506,1.5666989036012806,-0.4411101375238604,0.4867318949796779,1.4995549926898692,0,7,Low,random_forest,flood
-0.9524656386670086,-1.2185435916898848,-0.1510106777108712,1.3963946787358603,-1.500650958334079,0,7,Low,random_forest,flood
2.019573314245172,1.2185435916898848,-1.6015079767758174,0.0319005031015865,-1.500650958334079,0,7,Low,random_forest,flood
-0.1910341713919869,1.2185435916898848,1.5895860811670643,-0.195515192837459,-0.0005479828221048,0,7,Low,random_forest,flood
0.3247742419233501,0.1740776559556978,-1.3114085169628282,1.055271134827292,-1.000616633163421,0,7,Low,random_forest,flood
-1.0507148602508822,0.5222329678670935,1.009387161541086,-0.5366387367460276,1.4995549926898692,0,7,Low,random_forest,flood
-1.6402101897541248,-1.2185435916898848,0.7192877017280965,-1.2188858245631646,1.4995549926898692,0,7,Low,random_forest,flood
-1.3945871357944404,-0.1740776559556978,-0.4411101375238604,0.7141475909187236,-0.5005823079927629,0,7,Low,random_forest,flood
0.3493365473193185,-0.1740776559556978,1.299486621354075,-1.3325936725326877,-1.500650958334079,0,7,Low,random_forest,flood
2.2651963682048564,1.2185435916898848,-1.0213090571498389,-1.673717216441256,-0.5005823079927629,0,7,Low,random_forest,flood
-0.9033410278750716,-1.2185435916898848,-0.4411101375238604,-1.673717216441256,0.9995206675192112,0,7,Low,random_forest,flood
-1.0752771656468507,0.1740776559556978,1.009387161541086,0.6004397429492008,-1.000616633163421,0,7,Low,random_forest,flood
0.3002119365273818,1.2185435916898848,1.009387161541086,0.8278554388882464,-1.500650958334079,0,7,Low,random_forest,flood
0.1037134933596341,1.5666989036012806,0.7192877017280965,0.3730240470101551,-0.5005823079927629,0,7,Low,random_forest,flood
0.717771128258845,-1.5666989036012806,0.7192877017280965,0.0319005031015865,-0.5005823079927629,0,7,Low,random_forest,flood
0.1037134933596341,0.1740776559556978,-0.7312095973368496,0.8278554388882464,-0.5005823079927629,0,7,Low,random_forest,flood
-0.1419095606000502,-0.1740776559556978,0.4291882419151073,0.8278554388882464,0.4994863423485531,0,7,Low,random_forest,flood
-0.7559671954992612,-0.1740776559556978,-0.4411101375238604,1.2826868307663375,-1.500650958334079,0,7,Low,random_forest,flood
-0.2155964767879553,-0.1740776559556978,-1.3114085169628282,1.2826868307663375,-0.5005823079927629,0,7,Low,random_forest,flood
0.6686465174669084,0.8703882797784892,-1.0213090571498389,0.3730240470101551,0.9995206675192112,0,7,Low,random_forest,flood
1.0616434038024032,-0.5222329678670935,-1.3114085169628282,-0.6503465847155504,0.4994863423485531,0,7,Low,random_forest,flood
-0.0436603390161764,0.1740776559556978,1.5895860811670643,0.3730240470101551,0.4994863423485531,0,7,Low,random_forest,flood
0.030026577171729,1.5666989036012806,1.009387161541086,0.2593161990406322,-0.0005479828221048,0,7,Low,random_forest,flood
0.0545888825676974,1.5666989036012806,-0.1510106777108712,-0.3092230408069819,-0.5005823079927629,0,7,Low,random_forest,flood
-0.3875326145597346,-0.1740776559556978,1.299486621354075,0.0319005031015865,0.9995206675192112,0,7,Low,random_forest,flood
-0.2155964767879553,0.5222329678670935,1.009387161541086,-1.560009368471733,0.4994863423485531,0,7,Low,random_forest,flood
-1.198088692626693,0.5222329678670935,0.139088782102118,0.4867318949796779,-1.500650958334079,0,7,Low,random_forest,flood
-0.4366572253516713,-1.2185435916898848,0.4291882419151073,0.4867318949796779,0.4994863423485531,0,7,Low,random_forest,flood
0.1037134933596341,-0.1740776559556978,0.139088782102118,-1.673717216441256,-1.500650958334079,0,7,Low,random_forest,flood
0.7423334336548134,-0.5222329678670935,-1.0213090571498389,0.1456083510711094,0.9995206675192112,0,7,Low,random_forest,flood
-1.1244017764387877,-1.5666989036012806,1.009387161541086,0.9415632868577692,0.9995206675192112,0,7,Low,random_forest,flood
-1.148964081834756,-0.8703882797784892,0.139088782102118,-0.0818073448679362,0.4994863423485531,0,7,Low,random_forest,flood
-0.706842584707324,-1.2185435916898848,-0.4411101375238604,0.8278554388882464,1.4995549926898692,0,7,Low,random_forest,flood
1.528327206325803,-1.5666989036012806,-1.6015079767758174,-0.877762280654596,-0.0005479828221048,0,7,Low,random_forest,flood
0.3002119365273818,0.1740776559556978,0.4291882419151073,0.8278554388882464,0.9995206675192112,0,7,Low,random_forest,flood
0.2265250203394763,1.2185435916898848,1.5895860811670643,0.1456083510711094,1.4995549926898692,0,7,Low,random_forest,flood
-0.2155964767879553,-0.1740776559556978,0.7192877017280965,-1.673717216441256,1.4995549926898692,0,7,Low,random_forest,flood
2.166947146620983,1.5666989036012806,-1.3114085169628282,0.7141475909187236,-0.0005479828221048,0,7,Low,random_forest,flood
0.6686465174669084,-0.1740776559556978,-1.3114085169628282,-0.877762280654596,0.4994863423485531,0,7,Low,random_forest,flood
-0.2155964767879553,0.5222329678670935,0.7192877017280965,-0.7640544326850732,-0.5005823079927629,0,7,Low,random_forest,flood
-0.5594687523315135,1.5666989036012806,0.4291882419151073,0.3730240470101551,1.4995549926898692,0,7,Low,random_forest,flood
0.5212726850910978,0.5222329678670935,1.5895860811670643,1.6238103746749062,-0.5005823079927629,0,7,Low,random_forest,flood
1.6265764279096775,-0.5222329678670935,-1.0213090571498389,0.9415632868577692,0.9995206675192112,0,7,Low,random_forest,flood
0.8897072660306243,-0.8703882797784892,1.299486621354075,-0.877762280654596,-1.000616633163421,0,7,Low,random_forest,flood
-0.1664718659960185,1.2185435916898848,0.4291882419151073,-0.6503465847155504,-0.0005479828221048,0,7,Low,random_forest,flood
0.2510873257354447,1.5666989036012806,-1.3114085169628282,-1.560009368471733,0.4994863423485531,0,7,Low,random_forest,flood
-0.2892833929758607,-1.5666989036012806,-0.7312095973368496,-0.991470128624119,-1.000616633163421,0,7,Low,random_forest,flood
1.7493879548895197,-1.5666989036012806,-1.3114085169628282,-0.3092230408069819,0.4994863423485531,0,7,Low,random_forest,flood
1.1844549307822454,-0.5222329678670935,1.299486621354075,0.2593161990406322,1.4995549926898692,0,7,Low,random_forest,flood
-1.6156478843581563,-0.5222329678670935,0.139088782102118,0.3730240470101551,-0.0005479828221048,0,7,Low,random_forest,flood
-0.4366572253516713,-0.5222329678670935,-0.4411101375238604,0.2593161990406322,0.4994863423485531,0,7,Low,random_forest,flood
1.847637176473393,-1.5666989036012806,-1.6015079767758174,1.168978982796815,-1.500650958334079,0,7,Low,random_forest,flood
-0.3629703091637662,0.8703882797784892,0.139088782102118,1.3963946787358603,-0.0005479828221048,0,7,Low,random_forest,flood
-0.2155964767879553,-1.2185435916898848,1.299486621354075,-0.5366387367460276,-0.0005479828221048,0,7,Low,random_forest,flood
-0.9524656386670086,1.5666989036012806,0.139088782102118,1.3963946787358603,0.9995206675192112,0,7,Low,random_forest,flood
-1.5419609681702509,0.5222329678670935,1.009387161541086,-0.4229308887765047,-1.500650958334079,0,7,Low,random_forest,flood
0.9388318768225612,1.5666989036012806,1.299486621354075,0.6004397429492008,-0.5005823079927629,0,7,Low,random_forest,flood
-2.229705519257368,-0.1740776559556978,0.139088782102118,1.055271134827292,-0.0005479828221048,0,7,Low,random_forest,flood
-0.1910341713919869,1.5666989036012806,0.139088782102118,-0.0818073448679362,1.4995549926898692,0,7,Low,random_forest,flood
-0.240158782183924,0.1740776559556978,1.5895860811670643,0.4867318949796779,0.9995206675192112,0,7,Low,random_forest,flood
-0.8296541116871664,-0.5222329678670935,0.139088782102118,0.0319005031015865,-1.500650958334079,0,7,Low,random_forest,flood
0.7914580444467505,0.1740776559556978,-1.3114085169628282,1.3963946787358603,0.4994863423485531,0,7,Low,random_forest,flood
1.209017236178214,-1.5666989036012806,-1.0213090571498389,-0.7640544326850732,-1.500650958334079,0,7,Low,random_forest,flood
0.423023463507224,0.1740776559556978,-1.6015079767758174,-1.673717216441256,-0.5005823079927629,0,7,Low,random_forest,flood
0.8651449606346556,0.1740776559556978,1.009387161541086,0.2593161990406322,0.9995206675192112,0,7,Low,random_forest,flood
1.0125187930104669,0.8703882797784892,-1.0213090571498389,0.2593161990406322,0.4994863423485531,0,7,Low,random_forest,flood
0.2510873257354447,-0.5222329678670935,-1.6015079767758174,0.3730240470101551,-0.0005479828221048,0,7,Low,random_forest,flood
0.5949596012790028,0.5222329678670935,-1.3114085169628282,-0.4229308887765047,-0.0005479828221048,0,7,Low,random_forest,flood
1.0125187930104669,-1.5666989036012806,-1.3114085169628282,-1.673717216441256,1.4995549926898692,0,7,Low,random_forest,flood
-1.0507148602508822,-0.1740776559556978,0.4291882419151073,-1.3325936725326877,1.4995549926898692,0,7,Low,random_forest,flood
1.0616434038024032,0.8703882797784892,-1.0213090571498389,1.2826868307663375,1.4995549926898692,0,7,Low,random_forest,flood
1.3072664577620876,-0.8703882797784892,-0.7312095973368496,0.8278554388882464,0.9995206675192112,0,7,Low,random_forest,flood
-0.1664718659960185,-1.2185435916898848,0.7192877017280965,-1.4463015205022105,0.4994863423485531,0,7,Low,random_forest,flood
-0.0436603390161764,0.8703882797784892,-0.1510106777108712,-1.560009368471733,-0.0005479828221048,0,7,Low,random_forest,flood
-0.4120949199557029,-1.2185435916898848,0.139088782102118,1.055271134827292,1.4995549926898692,0,7,Low,random_forest,flood
0.7423334336548134,1.5666989036012806,-0.7312095973368496,-1.2188858245631646,-0.0005479828221048,0,7,Low,random_forest,flood
0.5703972958830346,-1.5666989036012806,1.5895860811670643,-0.6503465847155504,-0.0005479828221048,0,7,Low,random_forest,flood
-1.0015902494589457,-0.1740776559556978,1.009387161541086,0.4867318949796779,1.4995549926898692,0,7,Low,random_forest,flood
-1.0507148602508822,-0.1740776559556978,-0.4411101375238604,0.3730240470101551,1.4995549926898692,0,7,Low,random_forest,flood
0.7914580444467505,-1.2185435916898848,1.299486621354075,-0.6503465847155504,-0.5005823079927629,0,7,Low,random_forest,flood
