Mean,Year_year,Year_month,Year_day,Year_dayofweek,Source_GISTEMP,Source_gcag,predicted_label,likelihood_score,risk_level,model_used,disaster_type
0.8782083130255978,1.0715018046931206,1.0153465029970277,0.0,0.9997065525114344,False,True,1,99,High,random_forest,cyclone
2.1422763151824387,1.601321169293178,0.1461862519989002,0.0,-1.5025051472733069,False,True,1,100,High,random_forest,cyclone
-0.1797239427975518,0.0542486246610104,1.0153465029970277,0.0,-1.0020628073163584,True,False,1,100,High,random_forest,cyclone
-0.7000184948417237,0.4357185671730518,0.7256264193309852,0.0,-1.0020628073163584,True,False,1,100,High,random_forest,cyclone
-0.6504666327422789,-0.3696068670190354,0.1461862519989002,0.0,-0.001178127402462,True,False,1,99,High,random_forest,cyclone
-1.4821946380814623,-0.6451129366110653,-1.0126940826652695,0.0,0.9997065525114344,False,True,1,99,High,random_forest,cyclone
-0.5109781409323413,-1.42924559621915,0.1461862519989002,0.0,0.9997065525114344,False,True,1,98,High,random_forest,cyclone
-1.1365703999378338,-0.9418117807870974,1.5947866703291125,0.0,0.4992642125544862,False,True,1,99,High,random_forest,cyclone
-1.1558956261566171,-0.8782334570350905,-1.0126940826652695,0.0,0.9997065525114344,False,True,1,99,High,random_forest,cyclone
-0.7163706093345406,-0.7934623586990813,-1.5921342499973543,0.0,-1.5025051472733069,False,True,1,99,High,random_forest,cyclone
-0.7242989072704519,-1.42924559621915,1.0153465029970277,0.0,1.5001488924683828,False,True,1,98,High,random_forest,cyclone
-0.7743462879908912,-0.9630045553710996,-0.7229739989992272,0.0,0.4992642125544862,True,False,1,99,High,random_forest,cyclone
-0.4314474022627322,0.3933330180050472,-0.4332539153331847,0.0,-1.0020628073163584,False,True,1,100,High,random_forest,cyclone
1.9985759150940483,1.5165500709571689,0.4359063356649427,0.0,0.9997065525114344,False,True,1,100,High,random_forest,cyclone
0.588329919743845,-0.051715248259001,1.30506658666307,0.0,0.9997065525114344,True,False,1,99,High,random_forest,cyclone
3.33845826626304,1.6860922676291872,1.0153465029970277,0.0,1.5001488924683828,True,False,1,100,High,random_forest,cyclone
-0.5265869774936665,-1.3232817232991387,1.0153465029970277,0.0,0.9997065525114344,True,False,1,100,High,random_forest,cyclone
-1.4715409877300818,-0.8570406824510882,0.4359063356649427,0.0,0.9997065525114344,False,True,1,98,High,random_forest,cyclone
-0.3026125608041752,0.2237908213330288,-0.1435338316671422,0.0,-1.0020628073163584,False,True,1,99,High,random_forest,cyclone
-0.366286703601962,-1.0053901045391045,0.7256264193309852,0.0,-1.0020628073163584,False,True,1,99,High,random_forest,cyclone
-0.0018327578605444,0.096634173829015,-0.1435338316671422,0.0,-1.0020628073163584,False,True,1,99,High,random_forest,cyclone
-0.1395869344970013,0.3721402434210449,1.0153465029970277,0.0,1.5001488924683828,False,True,1,98,High,random_forest,cyclone
-0.3970088581036178,-0.0093296990909964,-1.0126940826652695,0.0,-1.5025051472733069,False,True,1,98,High,random_forest,cyclone
-0.283535093895889,-1.3232817232991387,-0.4332539153331847,0.0,1.5001488924683828,False,True,1,100,High,random_forest,cyclone
-1.5176242194825655,-0.6874984857790699,-1.0126940826652695,0.0,-0.5016204673594102,True,False,1,99,High,random_forest,cyclone
-0.1053961496483843,0.308561919669038,0.4359063356649427,0.0,0.4992642125544862,True,False,1,100,High,random_forest,cyclone
-1.3194167710847855,-0.7298840349470744,-0.4332539153331847,0.0,0.9997065525114344,True,False,1,100,High,random_forest,cyclone
-0.7991222190406138,-0.4331851907710423,0.4359063356649427,0.0,-0.5016204673594102,True,False,1,99,High,random_forest,cyclone
0.4148984023957876,-0.0729080228430033,1.30506658666307,0.0,0.4992642125544862,True,False,1,99,High,random_forest,cyclone
-1.33329129247263,-1.0901612028751135,-0.7229739989992272,0.0,0.4992642125544862,False,True,1,99,High,random_forest,cyclone
-0.6888693258693486,-1.5987877928911685,-0.4332539153331847,0.0,0.4992642125544862,False,True,1,97,High,random_forest,cyclone
-1.582289399522341,-1.959064960819208,-1.0126940826652695,0.0,0.9997065525114344,False,True,1,100,High,random_forest,cyclone
-0.9299391349831484,0.4357185671730518,-1.0126940826652695,0.0,1.5001488924683828,False,True,1,99,High,random_forest,cyclone
-0.2044998738472742,-0.1576791211790124,0.7256264193309852,0.0,-1.0020628073163584,True,False,1,100,High,random_forest,cyclone
1.6162832989968303,1.452971747205162,0.4359063356649427,0.0,-0.5016204673594102,False,True,1,100,High,random_forest,cyclone
-0.4663814650428409,-1.6199805674751708,1.30506658666307,0.0,0.4992642125544862,False,True,1,97,High,random_forest,cyclone
-0.8729544935687866,-0.9418117807870974,-1.5921342499973543,0.0,1.5001488924683828,False,True,1,100,High,random_forest,cyclone
0.9176020433946566,1.029116255525116,-1.5921342499973543,0.0,-0.5016204673594102,False,True,1,99,High,random_forest,cyclone
-0.8003610155930998,-1.6199805674751708,0.4359063356649427,0.0,-0.001178127402462,False,True,1,97,High,random_forest,cyclone
3.215074129635422,1.7072850422131896,-1.302414166331312,0.0,-0.001178127402462,False,True,1,100,High,random_forest,cyclone
2.124437644826638,1.5165500709571689,0.7256264193309852,0.0,-1.0020628073163584,True,False,1,100,High,random_forest,cyclone
-0.981225312256074,-1.3020889487151364,1.30506658666307,0.0,-0.5016204673594102,False,True,1,99,High,random_forest,cyclone
-0.2832873345853918,-0.0941007974270056,-1.5921342499973543,0.0,1.5001488924683828,False,True,1,98,High,random_forest,cyclone
1.153964425609009,1.2834295505331437,0.4359063356649427,0.0,1.5001488924683828,False,True,1,100,High,random_forest,cyclone
-0.0558442875489394,0.5628752146770656,-0.1435338316671422,0.0,-1.5025051472733069,True,False,1,100,High,random_forest,cyclone
-0.1053961496483843,-1.0053901045391045,1.30506658666307,0.0,1.5001488924683828,True,False,1,99,High,random_forest,cyclone
-0.551362908543389,-0.3484140924350331,0.4359063356649427,0.0,-1.5025051472733069,True,False,1,100,High,random_forest,cyclone
-1.0468815295378384,-1.2385106249631297,-0.1435338316671422,0.0,-1.5025051472733069,True,False,1,100,High,random_forest,cyclone
-1.484919990496932,-1.42924559621915,1.30506658666307,0.0,-0.5016204673594102,False,True,1,97,High,random_forest,cyclone
-0.6009147706428338,-0.8570406824510882,-1.5921342499973543,0.0,-0.001178127402462,True,False,1,99,High,random_forest,cyclone
-1.4006818249278754,-1.6411733420591732,-0.4332539153331847,0.0,-1.0020628073163584,False,True,1,98,High,random_forest,cyclone
1.7032468169813564,1.3682006488691527,1.30506658666307,0.0,0.9997065525114344,True,False,1,100,High,random_forest,cyclone
0.588329919743845,-0.0093296990909964,1.5947866703291125,0.0,-0.5016204673594102,True,False,1,99,High,random_forest,cyclone
-0.1549480117478293,-0.9206190062030952,1.5947866703291125,0.0,0.9997065525114344,True,False,1,99,High,random_forest,cyclone
0.3437914802830841,-1.5775950183071663,-1.302414166331312,0.0,-1.5025051472733069,False,True,1,97,High,random_forest,cyclone
-1.542400150532288,-0.6874984857790699,-1.5921342499973543,0.0,1.5001488924683828,True,False,1,99,High,random_forest,cyclone
-0.9851894612240296,-1.2385106249631297,0.4359063356649427,0.0,0.9997065525114344,False,True,1,99,High,random_forest,cyclone
-0.2788276669964417,0.0542486246610104,0.1461862519989002,0.0,-1.5025051472733069,True,False,1,100,High,random_forest,cyclone
-0.0062924254494944,1.029116255525116,0.7256264193309852,0.0,-1.0020628073163584,True,False,1,100,High,random_forest,cyclone
-0.3412630132417423,-0.200064670347017,-1.302414166331312,0.0,-0.001178127402462,False,True,1,99,High,random_forest,cyclone
1.2424144994565185,0.9867307063571116,-0.7229739989992272,0.0,1.5001488924683828,False,True,1,100,High,random_forest,cyclone
-0.4096445829389764,0.6900318621810794,0.1461862519989002,0.0,-0.001178127402462,False,True,1,99,High,random_forest,cyclone
0.0630801814897284,0.7536101859330863,0.1461862519989002,0.0,1.5001488924683828,False,True,1,99,High,random_forest,cyclone
-0.8238981500903362,-0.7722695841150791,0.4359063356649427,0.0,-0.001178127402462,True,False,1,99,High,random_forest,cyclone
-0.5959595844328894,-0.3484140924350331,-0.1435338316671422,0.0,-0.5016204673594102,False,True,1,96,High,random_forest,cyclone
1.1334004028377394,1.092694579277123,0.1461862519989002,0.0,0.9997065525114344,True,False,1,100,High,random_forest,cyclone
-0.5000767312704635,-1.408052821635148,-1.302414166331312,0.0,-0.001178127402462,False,True,1,100,High,random_forest,cyclone
-0.1053961496483843,-0.0093296990909964,-0.1435338316671422,0.0,-1.0020628073163584,True,False,1,100,High,random_forest,cyclone
1.951006127478581,1.241044001365139,-1.302414166331312,0.0,0.4992642125544862,True,False,1,100,High,random_forest,cyclone
-0.0241310958052946,-0.0941007974270056,0.7256264193309852,0.0,0.4992642125544862,False,True,1,97,High,random_forest,cyclone
-0.6358488334229426,-1.3656672724671433,0.1461862519989002,0.0,-1.0020628073163584,False,True,1,100,High,random_forest,cyclone
-0.2642098676771054,0.3509474688370426,0.1461862519989002,0.0,0.4992642125544862,False,True,1,97,High,random_forest,cyclone
-1.2797752814052297,-0.8146551332830836,-1.0126940826652695,0.0,-0.5016204673594102,False,True,1,99,High,random_forest,cyclone
0.7369855060421797,0.6264535384290725,-1.5921342499973543,0.0,-1.5025051472733069,True,False,1,99,High,random_forest,cyclone
-0.5045363988594135,-1.556402243723164,-1.5921342499973543,0.0,0.9997065525114344,False,True,1,97,High,random_forest,cyclone
-0.5018110464439439,-0.6027273874430606,-1.5921342499973543,0.0,0.4992642125544862,True,False,1,99,High,random_forest,cyclone
-0.3036035980461642,0.4569113417570541,-1.0126940826652695,0.0,-1.5025051472733069,True,False,1,99,High,random_forest,cyclone
-0.1053961496483843,-0.2848357686830262,1.5947866703291125,0.0,-1.5025051472733069,True,False,1,100,High,random_forest,cyclone
1.1765105228642565,1.0079234809411135,0.1461862519989002,0.0,-1.5025051472733069,False,True,1,100,High,random_forest,cyclone
0.1671390918985628,-0.263642994099024,1.0153465029970277,0.0,-0.001178127402462,True,False,1,99,High,random_forest,cyclone
-0.946043490165468,-1.8742938624831984,1.30506658666307,0.0,-0.001178127402462,False,True,1,100,High,random_forest,cyclone
-0.1321541551820846,0.668839087597077,-0.1435338316671422,0.0,1.5001488924683828,False,True,1,99,High,random_forest,cyclone
0.3333855892422006,0.8595740588530977,0.7256264193309852,0.0,0.9997065525114344,False,True,1,100,High,random_forest,cyclone
-0.5176676423157663,0.1390197229970196,-1.0126940826652695,0.0,-0.5016204673594102,False,True,1,98,High,random_forest,cyclone
-1.3828431545720752,-1.2597033995471318,-0.4332539153331847,0.0,-0.001178127402462,False,True,1,99,High,random_forest,cyclone
0.1336915849814375,0.0542486246610104,-1.5921342499973543,0.0,-1.0020628073163584,False,True,1,98,High,random_forest,cyclone
0.5140021265946775,0.520489665509061,-1.0126940826652695,0.0,0.4992642125544862,True,False,1,99,High,random_forest,cyclone
-0.7411465403842631,-1.7259444403951822,-0.1435338316671422,0.0,1.5001488924683828,False,True,1,99,High,random_forest,cyclone
-0.5265869774936665,-0.6027273874430606,-0.1435338316671422,0.0,-1.0020628073163584,True,False,1,100,High,random_forest,cyclone
-0.9477778053389484,-0.9418117807870974,-1.302414166331312,0.0,-0.5016204673594102,True,False,1,99,High,random_forest,cyclone
-0.4274832532947765,-1.2808961741311342,-0.7229739989992272,0.0,1.5001488924683828,True,False,1,100,High,random_forest,cyclone
-0.1098558172373344,0.6052607638450701,1.30506658666307,0.0,-0.5016204673594102,False,True,1,98,High,random_forest,cyclone
-1.022105598488116,-0.7722695841150791,-0.1435338316671422,0.0,0.9997065525114344,True,False,1,100,High,random_forest,cyclone
-0.2788276669964417,0.4569113417570541,-0.4332539153331847,0.0,0.9997065525114344,True,False,1,100,High,random_forest,cyclone
0.5635539886941224,0.5628752146770656,-1.302414166331312,0.0,1.5001488924683828,True,False,1,99,High,random_forest,cyclone
-0.7247944258914463,-1.2597033995471318,1.5947866703291125,0.0,-1.5025051472733069,True,False,1,100,High,random_forest,cyclone
-1.1524269958096562,-1.8319083133151937,1.0153465029970277,0.0,-0.001178127402462,False,True,1,99,High,random_forest,cyclone
-1.4440397042648898,-1.6835588912271775,1.5947866703291125,0.0,-0.001178127402462,False,True,1,97,High,random_forest,cyclone
0.5826314556024088,0.7112246367650816,-0.4332539153331847,0.0,1.5001488924683828,False,True,1,99,High,random_forest,cyclone
-1.334034570404122,-0.5603418382750561,-0.7229739989992272,0.0,1.5001488924683828,False,True,1,99,High,random_forest,cyclone
-0.3283795290958867,0.2449835959170311,-0.1435338316671422,0.0,-0.5016204673594102,True,False,1,100,High,random_forest,cyclone
0.1919150229482853,0.3297546942530403,-1.302414166331312,0.0,1.5001488924683828,True,False,1,100,High,random_forest,cyclone
0.2541026098830887,0.0330558500770081,-1.5921342499973543,0.0,-1.5025051472733069,False,True,1,98,High,random_forest,cyclone
-0.0687277716947951,0.6264535384290725,0.7256264193309852,0.0,0.9997065525114344,False,True,1,99,High,random_forest,cyclone
-0.1301720806981068,-0.0941007974270056,-0.1435338316671422,0.0,-0.001178127402462,True,False,1,99,High,random_forest,cyclone
0.6354041887383176,1.1350801284451275,-1.5921342499973543,0.0,-0.5016204673594102,False,True,1,99,High,random_forest,cyclone
-0.9168078915267954,-1.6623661166431754,-0.4332539153331847,0.0,-1.5025051472733069,False,True,1,98,High,random_forest,cyclone
-0.4277310126052738,0.1178269484130173,0.1461862519989002,0.0,0.4992642125544862,False,True,1,97,High,random_forest,cyclone
-0.2292758048969967,-0.263642994099024,-1.0126940826652695,0.0,1.5001488924683828,True,False,1,99,High,random_forest,cyclone
0.8608651612907922,0.9867307063571116,0.4359063356649427,0.0,-0.5016204673594102,True,False,1,100,High,random_forest,cyclone
0.2166909539980078,0.3297546942530403,-1.5921342499973543,0.0,-0.001178127402462,True,False,1,100,High,random_forest,cyclone
-0.4708411326317909,0.2873691450850357,-1.0126940826652695,0.0,0.4992642125544862,False,True,1,98,High,random_forest,cyclone
2.5456284726719205,1.3470078742851506,-1.5921342499973543,0.0,-1.5025051472733069,True,False,1,100,High,random_forest,cyclone
1.3316078512355192,1.4317789726211596,-0.4332539153331847,0.0,1.5001488924683828,True,False,1,100,High,random_forest,cyclone
-0.2540517359467192,-0.3060285432670285,1.30506658666307,0.0,0.4992642125544862,True,False,1,99,High,random_forest,cyclone
0.0137760787007807,-1.9378721862352053,0.7256264193309852,0.0,-0.5016204673594102,False,True,1,99,High,random_forest,cyclone
-0.2622277931931276,0.2237908213330288,0.7256264193309852,0.0,-0.5016204673594102,False,True,1,98,High,random_forest,cyclone
0.0432594366499504,0.308561919669038,-0.7229739989992272,0.0,-1.0020628073163584,True,False,1,99,High,random_forest,cyclone
0.7369855060421797,0.6264535384290725,-1.0126940826652695,0.0,-0.001178127402462,True,False,1,100,High,random_forest,cyclone
0.1423631608488403,0.1814052721650242,0.4359063356649427,0.0,0.4992642125544862,True,False,1,100,High,random_forest,cyclone
-1.0327592488394963,-1.42924559621915,-0.7229739989992272,0.0,0.9997065525114344,False,True,1,98,High,random_forest,cyclone
-0.8789007170207201,-1.5352094691391618,-0.4332539153331847,0.0,-1.5025051472733069,False,True,1,98,High,random_forest,cyclone
2.6942840589702555,1.6860922676291872,-0.1435338316671422,0.0,-0.001178127402462,True,False,1,100,High,random_forest,cyclone
2.5312584326630816,1.6225139438771805,1.30506658666307,0.0,1.5001488924683828,False,True,1,100,High,random_forest,cyclone
-0.4227758263953293,-0.2424502195150216,-1.302414166331312,0.0,-1.5025051472733069,False,True,1,98,High,random_forest,cyclone
1.1334004028377394,1.2198512267811368,-1.5921342499973543,0.0,-1.5025051472733069,True,False,1,100,High,random_forest,cyclone
-0.4027073222450541,0.4569113417570541,-1.302414166331312,0.0,-1.5025051472733069,True,False,1,99,High,random_forest,cyclone
0.7146871680974296,0.9867307063571116,0.4359063356649427,0.0,-0.5016204673594102,False,True,1,100,High,random_forest,cyclone
0.8608651612907922,0.8383812842690954,-0.4332539153331847,0.0,1.5001488924683828,True,False,1,100,High,random_forest,cyclone
0.3901224713460651,0.9019596080211024,1.0153465029970277,0.0,-0.5016204673594102,True,False,1,100,High,random_forest,cyclone
-0.6635978761986318,-0.41199241618704,-0.1435338316671422,0.0,1.5001488924683828,False,True,1,97,High,random_forest,cyclone
-0.5516106678538861,-1.0053901045391045,-0.1435338316671422,0.0,-1.5025051472733069,False,True,1,99,High,random_forest,cyclone
0.0432594366499504,-0.0093296990909964,0.4359063356649427,0.0,1.5001488924683828,True,False,1,99,High,random_forest,cyclone
0.2585622774720388,0.1814052721650242,0.4359063356649427,0.0,0.4992642125544862,False,True,1,98,High,random_forest,cyclone
2.167795524163653,1.6437067184611829,0.7256264193309852,0.0,-0.5016204673594102,False,True,1,100,High,random_forest,cyclone
-1.2116414710184928,-1.196125075795125,1.5947866703291125,0.0,-0.001178127402462,False,True,1,99,High,random_forest,cyclone
-0.949264361201932,-1.768329989563187,-1.5921342499973543,0.0,1.5001488924683828,False,True,1,97,High,random_forest,cyclone
-0.3531554601456091,-1.3020889487151364,-0.7229739989992272,0.0,0.9997065525114344,True,False,1,100,High,random_forest,cyclone
0.7617614370919022,0.8383812842690954,1.30506658666307,0.0,-1.0020628073163584,True,False,1,100,High,random_forest,cyclone
0.0524265311383477,0.3297546942530403,-1.5921342499973543,0.0,-0.001178127402462,False,True,1,98,High,random_forest,cyclone
2.1739895069260835,1.5377428455411712,1.5947866703291125,0.0,-0.001178127402462,True,False,1,100,High,random_forest,cyclone
0.7999163709084749,0.9867307063571116,-0.1435338316671422,0.0,0.4992642125544862,False,True,1,100,High,random_forest,cyclone
0.3157946781968976,0.8807668334371,-0.7229739989992272,0.0,-1.5025051472733069,True,False,1,100,High,random_forest,cyclone
-0.3036035980461642,-0.1576791211790124,0.4359063356649427,0.0,0.9997065525114344,True,False,1,99,High,random_forest,cyclone
2.099661713776916,1.5377428455411712,0.1461862519989002,0.0,0.4992642125544862,True,False,1,100,High,random_forest,cyclone
-0.3202034718494782,-1.959064960819208,-0.1435338316671422,0.0,1.5001488924683828,False,True,1,100,High,random_forest,cyclone
-0.7743462879908912,-0.5391490636910538,0.1461862519989002,0.0,-1.5025051472733069,True,False,1,100,High,random_forest,cyclone
-0.7669135086759745,-0.41199241618704,0.4359063356649427,0.0,0.4992642125544862,False,True,1,97,High,random_forest,cyclone
-0.4274832532947765,0.6052607638450701,-1.302414166331312,0.0,-1.0020628073163584,True,False,1,99,High,random_forest,cyclone
0.4148984023957876,0.9019596080211024,0.4359063356649427,0.0,0.4992642125544862,True,False,1,100,High,random_forest,cyclone
-1.2698649089853409,-0.7510768095310767,1.30506658666307,0.0,1.5001488924683828,True,False,1,100,High,random_forest,cyclone
-0.4027073222450541,0.4781041163410564,1.0153465029970277,0.0,0.9997065525114344,True,False,1,100,High,random_forest,cyclone
0.0254207662941502,0.8807668334371,-0.7229739989992272,0.0,-1.5025051472733069,False,True,1,100,High,random_forest,cyclone
-0.6504666327422789,-0.4967635145230492,1.0153465029970277,0.0,0.4992642125544862,True,False,1,100,High,random_forest,cyclone
-1.5969071988416774,-0.7298840349470744,-1.0126940826652695,0.0,-1.5025051472733069,False,True,1,99,High,random_forest,cyclone
0.9079394302852648,0.9867307063571116,1.30506658666307,0.0,-0.001178127402462,False,True,1,100,High,random_forest,cyclone
-0.2292758048969967,-1.1749323012111226,0.1461862519989002,0.0,1.5001488924683828,True,False,1,100,High,random_forest,cyclone
-0.2656964235400887,0.3509474688370426,-1.5921342499973543,0.0,0.4992642125544862,False,True,1,98,High,random_forest,cyclone
-0.7991222190406138,-0.7510768095310767,-1.302414166331312,0.0,0.9997065525114344,True,False,1,100,High,random_forest,cyclone
-0.9336555246406066,-1.2385106249631297,1.30506658666307,0.0,1.5001488924683828,False,True,1,99,High,random_forest,cyclone
0.8608651612907922,1.1350801284451275,-0.4332539153331847,0.0,-0.001178127402462,True,False,1,100,High,random_forest,cyclone
-0.4663814650428409,-0.9206190062030952,0.7256264193309852,0.0,0.9997065525114344,False,True,1,99,High,random_forest,cyclone
2.1132884758542634,1.5377428455411712,0.7256264193309852,0.0,-0.001178127402462,False,True,1,100,High,random_forest,cyclone
-0.9289480977411596,-1.3656672724671433,-0.7229739989992272,0.0,-1.0020628073163584,False,True,1,100,High,random_forest,cyclone
0.0115462449063057,-0.1152935720110078,0.4359063356649427,0.0,-1.5025051472733069,False,True,1,97,High,random_forest,cyclone
-0.832569725957739,-1.7895227641471891,-1.302414166331312,0.0,-1.0020628073163584,False,True,1,97,High,random_forest,cyclone
-0.2540517359467192,-0.2848357686830262,-1.0126940826652695,0.0,0.9997065525114344,True,False,1,99,High,random_forest,cyclone
0.0935545766808871,-0.0305224736749987,-0.1435338316671422,0.0,-1.5025051472733069,False,True,1,97,High,random_forest,cyclone
1.628919023832189,1.4317789726211596,1.0153465029970277,0.0,0.9997065525114344,True,False,1,100,High,random_forest,cyclone
-0.5018110464439439,-0.2848357686830262,0.1461862519989002,0.0,-1.0020628073163584,True,False,1,100,High,random_forest,cyclone
-0.0702143275577784,-0.0729080228430033,-1.0126940826652695,0.0,0.4992642125544862,False,True,1,97,High,random_forest,cyclone
-0.8085370728395082,-1.8954866370672008,-0.7229739989992272,0.0,0.9997065525114344,False,True,1,100,High,random_forest,cyclone
1.108624471788017,1.2834295505331437,-0.1435338316671422,0.0,-1.0020628073163584,True,False,1,100,High,random_forest,cyclone
-0.8630441211488977,-0.2848357686830262,-1.302414166331312,0.0,0.9997065525114344,False,True,1,98,High,random_forest,cyclone
-0.8167131300859166,-1.853101087899196,-1.302414166331312,0.0,0.4992642125544862,False,True,1,99,High,random_forest,cyclone
-0.6544307817102345,-0.7934623586990813,0.4359063356649427,0.0,-0.5016204673594102,False,True,1,99,High,random_forest,cyclone
-1.0164071343466798,-1.471631145387155,1.30506658666307,0.0,1.5001488924683828,False,True,1,97,High,random_forest,cyclone
0.959968885489682,1.1986584521971344,0.7256264193309852,0.0,0.4992642125544862,True,False,1,100,High,random_forest,cyclone
-0.6224698306560924,-0.3907996416030377,0.7256264193309852,0.0,-1.0020628073163584,False,True,1,97,High,random_forest,cyclone
-1.064224681272644,-1.471631145387155,-0.7229739989992272,0.0,-0.5016204673594102,False,True,1,97,High,random_forest,cyclone
1.951006127478581,1.4953572963731665,1.5947866703291125,0.0,-1.5025051472733069,True,False,1,100,High,random_forest,cyclone
0.4644502644952325,0.4145257925890495,-1.302414166331312,0.0,0.4992642125544862,True,False,1,99,High,random_forest,cyclone
-0.0558442875489394,0.6052607638450701,-0.4332539153331847,0.0,-1.5025051472733069,True,False,1,99,High,random_forest,cyclone
-0.5201452354207386,-0.4755707399390469,-1.5921342499973543,0.0,0.9997065525114344,False,True,1,99,High,random_forest,cyclone
0.008573133180339,0.2873691450850357,1.30506658666307,0.0,0.4992642125544862,False,True,1,98,High,random_forest,cyclone
-0.3779313911953316,-1.0053901045391045,-0.4332539153331847,0.0,0.4992642125544862,True,False,1,100,High,random_forest,cyclone
1.3655508767736388,1.3258150997011482,-1.0126940826652695,0.0,-0.5016204673594102,False,True,1,100,High,random_forest,cyclone
0.5147454045261692,1.0715018046931206,-1.5921342499973543,0.0,0.9997065525114344,False,True,1,99,High,random_forest,cyclone
-0.9690851060417098,-0.7722695841150791,0.7256264193309852,0.0,1.5001488924683828,False,True,1,99,High,random_forest,cyclone
0.2910187471471752,-0.0729080228430033,-0.4332539153331847,0.0,-0.5016204673594102,True,False,1,99,High,random_forest,cyclone
-0.452259184344499,0.2237908213330288,0.1461862519989002,0.0,-0.001178127402462,True,False,1,100,High,random_forest,cyclone
-0.6987796982892376,-1.8954866370672008,-0.4332539153331847,0.0,-1.5025051472733069,False,True,1,100,High,random_forest,cyclone
-1.080576795765461,-1.2597033995471318,-1.5921342499973543,0.0,-1.0020628073163584,False,True,1,99,High,random_forest,cyclone
-1.368473114563236,-1.9378721862352053,-1.0126940826652695,0.0,-1.5025051472733069,False,True,1,99,High,random_forest,cyclone
-0.5018110464439439,-0.3907996416030377,0.4359063356649427,0.0,0.9997065525114344,True,False,1,99,High,random_forest,cyclone
-1.022105598488116,-1.2385106249631297,-0.7229739989992272,0.0,-0.5016204673594102,True,False,1,99,High,random_forest,cyclone
-0.3281317697853894,-0.3060285432670285,1.30506658666307,0.0,0.4992642125544862,False,True,1,97,High,random_forest,cyclone
1.8519024032796911,1.3046223251171458,-1.0126940826652695,0.0,-1.0020628073163584,True,False,1,100,High,random_forest,cyclone
-0.1331451924240735,-0.2424502195150216,-0.7229739989992272,0.0,0.4992642125544862,False,True,1,99,High,random_forest,cyclone
-0.1703090889986572,0.0754413992450127,-1.0126940826652695,0.0,0.9997065525114344,False,True,1,99,High,random_forest,cyclone
-0.2540517359467192,0.2449835959170311,0.7256264193309852,0.0,-0.001178127402462,True,False,1,100,High,random_forest,cyclone
-1.0119474667577295,-0.7298840349470744,0.7256264193309852,0.0,-0.5016204673594102,False,True,1,99,High,random_forest,cyclone
-0.3779313911953316,-1.344474497883141,-0.7229739989992272,0.0,-0.001178127402462,True,False,1,99,High,random_forest,cyclone
-0.3439883656572118,-1.5140166945551594,0.1461862519989002,0.0,-1.5025051472733069,False,True,1,98,High,random_forest,cyclone
1.6457666569460003,1.2622367759491413,1.0153465029970277,0.0,-0.5016204673594102,False,True,1,99,High,random_forest,cyclone
-0.8774141611577366,-1.217317850379127,-0.7229739989992272,0.0,-0.001178127402462,False,True,1,99,High,random_forest,cyclone
0.1832434470808824,-0.1364863465950102,-1.302414166331312,0.0,-1.5025051472733069,False,True,1,97,High,random_forest,cyclone
2.0748857827271934,1.5801283947091758,-1.5921342499973543,0.0,-1.5025051472733069,True,False,1,100,High,random_forest,cyclone
-0.3036035980461642,-1.0053901045391045,-1.302414166331312,0.0,0.9997065525114344,True,False,1,100,High,random_forest,cyclone
-0.7441196521102298,-0.623920162027063,-0.1435338316671422,0.0,-1.5025051472733069,False,True,1,99,High,random_forest,cyclone
-1.4445352228858843,-0.6663057111950675,1.5947866703291125,0.0,1.5001488924683828,False,True,1,97,High,random_forest,cyclone
-0.4027073222450541,-0.2424502195150216,-1.302414166331312,0.0,-1.5025051472733069,True,False,1,99,High,random_forest,cyclone
-0.0588173992749061,0.3509474688370426,1.0153465029970277,0.0,0.9997065525114344,False,True,1,98,High,random_forest,cyclone
1.0838485407382945,0.8383812842690954,-1.302414166331312,0.0,-1.0020628073163584,True,False,1,100,High,random_forest,cyclone
1.108624471788017,1.2198512267811368,-1.302414166331312,0.0,-0.001178127402462,True,False,1,100,High,random_forest,cyclone
-0.5905088796019504,-0.2212574449310193,1.0153465029970277,0.0,1.5001488924683828,False,True,1,97,High,random_forest,cyclone
2.047632258572498,1.5377428455411712,1.0153465029970277,0.0,0.9997065525114344,False,True,1,100,High,random_forest,cyclone
-0.5265869774936665,-1.1113539774591157,1.0153465029970277,0.0,-0.001178127402462,True,False,1,100,High,random_forest,cyclone
1.4554875064841315,1.452971747205162,0.1461862519989002,0.0,1.5001488924683828,True,False,1,100,High,random_forest,cyclone
0.8113132991913472,0.9231523826051046,-1.5921342499973543,0.0,-0.001178127402462,True,False,1,100,High,random_forest,cyclone
0.3207498644068421,0.4145257925890495,0.7256264193309852,0.0,1.5001488924683828,False,True,1,98,High,random_forest,cyclone
0.3653465402963426,-1.3020889487151364,-1.302414166331312,0.0,-0.5016204673594102,True,False,1,99,High,random_forest,cyclone
-0.6256907016925564,-1.0689684282911112,-0.1435338316671422,0.0,-0.001178127402462,True,False,1,100,High,random_forest,cyclone
0.0928112987493954,0.7112246367650816,1.0153465029970277,0.0,0.9997065525114344,True,False,1,99,High,random_forest,cyclone
-0.9844461832925376,-0.2212574449310193,1.30506658666307,0.0,-0.5016204673594102,False,True,1,97,High,random_forest,cyclone
-0.3209467497809699,0.8171885096850932,-1.0126940826652695,0.0,-1.5025051472733069,False,True,1,99,High,random_forest,cyclone
0.9104170233902372,0.0118630754930058,-1.5921342499973543,0.0,0.9997065525114344,True,False,1,99,High,random_forest,cyclone
-0.1301720806981068,-0.9206190062030952,-1.302414166331312,0.0,-0.001178127402462,True,False,1,99,High,random_forest,cyclone
1.5050393685835763,1.4741645217891644,-0.4332539153331847,0.0,-0.5016204673594102,True,False,1,100,High,random_forest,cyclone
-0.4634083533168741,0.4357185671730518,-1.5921342499973543,0.0,-0.5016204673594102,False,True,1,99,High,random_forest,cyclone
-0.551362908543389,-0.623920162027063,0.1461862519989002,0.0,-0.5016204673594102,True,False,1,100,High,random_forest,cyclone
-0.7825223452372996,-0.3484140924350331,1.5947866703291125,0.0,-0.001178127402462,False,True,1,97,High,random_forest,cyclone
0.8360892302410697,0.7112246367650816,-0.4332539153331847,0.0,1.5001488924683828,True,False,1,99,High,random_forest,cyclone
0.7369855060421797,0.9443451571891068,1.5947866703291125,0.0,-0.001178127402462,True,False,1,100,High,random_forest,cyclone
-0.5996759740903478,-1.70475166581118,-1.302414166331312,0.0,1.5001488924683828,False,True,1,99,High,random_forest,cyclone
0.1842344843228713,0.7536101859330863,-1.0126940826652695,0.0,-0.001178127402462,False,True,1,100,High,random_forest,cyclone
-0.452259184344499,-0.8146551332830836,0.7256264193309852,0.0,0.4992642125544862,True,False,1,99,High,random_forest,cyclone
-0.8575934163179588,-1.6199805674751708,-1.302414166331312,0.0,0.4992642125544862,False,True,1,97,High,random_forest,cyclone
-0.8486740811400586,-1.196125075795125,-0.7229739989992272,0.0,0.4992642125544862,True,False,1,99,High,random_forest,cyclone
-0.4086535456969875,-1.9378721862352053,1.0153465029970277,0.0,0.4992642125544862,False,True,1,99,High,random_forest,cyclone
-0.3026125608041752,0.096634173829015,0.1461862519989002,0.0,-0.001178127402462,False,True,1,97,High,random_forest,cyclone
-1.242611384830646,-1.2597033995471318,-0.7229739989992272,0.0,-1.0020628073163584,False,True,1,100,High,random_forest,cyclone
-0.9346465618825957,-0.5815346128590584,0.1461862519989002,0.0,0.9997065525114344,False,True,1,99,High,random_forest,cyclone
-0.1841836103865018,-0.200064670347017,1.0153465029970277,0.0,-1.5025051472733069,False,True,1,97,High,random_forest,cyclone
0.6131058507935674,1.1986584521971344,-1.5921342499973543,0.0,0.9997065525114344,True,False,1,100,High,random_forest,cyclone
0.1671390918985628,1.029116255525116,1.0153465029970277,0.0,-0.001178127402462,True,False,1,100,High,random_forest,cyclone
1.5050393685835763,1.3046223251171458,0.4359063356649427,0.0,-1.5025051472733069,True,False,1,100,High,random_forest,cyclone
-0.6256907016925564,-0.41199241618704,-0.1435338316671422,0.0,1.5001488924683828,True,False,1,99,High,random_forest,cyclone
0.6378817818432899,0.9231523826051046,-0.4332539153331847,0.0,0.4992642125544862,True,False,1,100,High,random_forest,cyclone
0.8113132991913472,0.6264535384290725,-1.302414166331312,0.0,-0.001178127402462,True,False,1,100,High,random_forest,cyclone
-0.1864134441809768,0.0542486246610104,-0.4332539153331847,0.0,-0.5016204673594102,False,True,1,97,High,random_forest,cyclone
-0.3779313911953316,0.5840679892610678,-0.1435338316671422,0.0,-1.0020628073163584,True,False,1,100,High,random_forest,cyclone
-0.079629181356673,-0.051715248259001,-1.5921342499973543,0.0,-0.5016204673594102,False,True,1,97,High,random_forest,cyclone
-0.2451324007688191,-0.0941007974270056,-0.7229739989992272,0.0,0.9997065525114344,False,True,1,98,High,random_forest,cyclone
-1.4955736408483125,-1.132546752043118,-1.0126940826652695,0.0,0.9997065525114344,False,True,1,100,High,random_forest,cyclone
0.0432594366499504,0.4992968909250587,0.4359063356649427,0.0,-1.0020628073163584,True,False,1,100,High,random_forest,cyclone
-1.222790639990868,-0.9630045553710996,1.0153465029970277,0.0,0.9997065525114344,False,True,1,99,High,random_forest,cyclone
2.680657296892908,1.7072850422131896,-0.4332539153331847,0.0,-0.5016204673594102,False,True,1,100,High,random_forest,cyclone
-0.7000184948417237,-1.2808961741311342,-1.5921342499973543,0.0,-1.5025051472733069,True,False,1,100,High,random_forest,cyclone
-0.3268929732329033,0.6900318621810794,1.30506658666307,0.0,-1.5025051472733069,False,True,1,99,High,random_forest,cyclone
-0.4884320436770938,-0.3484140924350331,0.1461862519989002,0.0,0.4992642125544862,False,True,1,96,High,random_forest,cyclone
-0.8181996859489,-0.6663057111950675,-0.7229739989992272,0.0,-1.5025051472733069,False,True,1,99,High,random_forest,cyclone
-1.0114519481367352,-1.7471372149791846,-1.0126940826652695,0.0,0.4992642125544862,False,True,1,97,High,random_forest,cyclone
-0.8982259432395036,-0.6451129366110653,0.1461862519989002,0.0,-1.0020628073163584,True,False,1,100,High,random_forest,cyclone
-0.2701560911290389,-0.051715248259001,-1.0126940826652695,0.0,0.9997065525114344,False,True,1,99,High,random_forest,cyclone
-1.193059522731201,-1.5352094691391618,1.5947866703291125,0.0,0.4992642125544862,False,True,1,97,High,random_forest,cyclone
-0.7797969928218301,-0.7934623586990813,1.0153465029970277,0.0,-1.5025051472733069,False,True,1,99,High,random_forest,cyclone
-0.6380786672174176,-1.1749323012111226,1.30506658666307,0.0,-0.001178127402462,False,True,1,99,High,random_forest,cyclone
-0.8613098059754172,-0.8994262316190929,0.7256264193309852,0.0,1.5001488924683828,False,True,1,99,High,random_forest,cyclone
-1.2450889779356182,-0.835847907867086,0.1461862519989002,0.0,0.4992642125544862,True,False,1,99,High,random_forest,cyclone
-0.6222220713455952,-0.5179562891070515,1.0153465029970277,0.0,-0.5016204673594102,False,True,1,99,High,random_forest,cyclone
0.6418459308112454,1.1138873538611251,-0.7229739989992272,0.0,-1.5025051472733069,False,True,1,100,High,random_forest,cyclone
1.975782058528304,1.5165500709571689,0.4359063356649427,0.0,0.9997065525114344,True,False,1,100,High,random_forest,cyclone
-0.2044998738472742,-0.1152935720110078,0.1461862519989002,0.0,0.4992642125544862,True,False,1,99,High,random_forest,cyclone
-0.3159915635710254,0.520489665509061,1.30506658666307,0.0,0.4992642125544862,False,True,1,98,High,random_forest,cyclone
-0.0285907633942447,0.096634173829015,-1.5921342499973543,0.0,-0.001178127402462,False,True,1,98,High,random_forest,cyclone
0.2414668850477302,0.6264535384290725,0.7256264193309852,0.0,0.9997065525114344,True,False,1,100,High,random_forest,cyclone
0.1423631608488403,0.308561919669038,0.1461862519989002,0.0,-1.0020628073163584,True,False,1,100,High,random_forest,cyclone
-1.2188264910229123,-1.6835588912271775,-1.0126940826652695,0.0,-1.0020628073163584,False,True,1,98,High,random_forest,cyclone
0.2910187471471752,0.1814052721650242,-1.302414166331312,0.0,0.4992642125544862,True,False,1,99,High,random_forest,cyclone
-1.047377048158833,-0.8782334570350905,-0.4332539153331847,0.0,-0.001178127402462,False,True,1,98,High,random_forest,cyclone
-0.4274832532947765,-0.41199241618704,-0.4332539153331847,0.0,-0.001178127402462,True,False,1,99,High,random_forest,cyclone
-0.695806586563271,-0.3907996416030377,1.0153465029970277,0.0,-0.001178127402462,False,True,1,97,High,random_forest,cyclone
-0.4049371560395291,-1.6623661166431754,0.7256264193309852,0.0,0.4992642125544862,False,True,1,97,High,random_forest,cyclone
-0.478769430567702,-1.959064960819208,-1.5921342499973543,0.0,-0.5016204673594102,False,True,1,99,High,random_forest,cyclone
-1.1135287840615915,-1.0901612028751135,-0.4332539153331847,0.0,1.5001488924683828,False,True,1,100,High,random_forest,cyclone
-0.0558442875489394,-0.0093296990909964,-1.0126940826652695,0.0,-1.5025051472733069,True,False,1,99,High,random_forest,cyclone
-0.1301720806981068,0.1178269484130173,1.0153465029970277,0.0,0.9997065525114344,True,False,1,99,High,random_forest,cyclone
1.059072609688572,1.0715018046931206,1.0153465029970277,0.0,0.9997065525114344,True,False,1,100,High,random_forest,cyclone
-0.6068609940947673,-0.4331851907710423,-0.1435338316671422,0.0,0.4992642125544862,False,True,1,98,High,random_forest,cyclone
0.4114297720488264,1.0503090301091185,0.1461862519989002,0.0,-0.001178127402462,False,True,1,99,High,random_forest,cyclone
-0.0310683564992169,0.0754413992450127,-0.1435338316671422,0.0,1.5001488924683828,True,False,1,99,High,random_forest,cyclone
-0.6797022313809513,-1.5775950183071663,1.30506658666307,0.0,-1.5025051472733069,False,True,1,98,High,random_forest,cyclone
-0.6246996644505675,-1.6835588912271775,0.1461862519989002,0.0,0.4992642125544862,False,True,1,97,High,random_forest,cyclone
-1.0704186640350748,-0.8782334570350905,-1.5921342499973543,0.0,-0.5016204673594102,False,True,1,99,High,random_forest,cyclone
0.8521935854233893,0.7959957351010908,-1.302414166331312,0.0,1.5001488924683828,False,True,1,100,High,random_forest,cyclone
0.1671390918985628,0.0542486246610104,-0.7229739989992272,0.0,-1.5025051472733069,True,False,1,99,High,random_forest,cyclone
-0.923001874289226,-0.7510768095310767,-0.1435338316671422,0.0,-1.5025051472733069,True,False,1,99,High,random_forest,cyclone
-0.3531554601456091,0.520489665509061,1.5947866703291125,0.0,1.5001488924683828,True,False,1,100,High,random_forest,cyclone
0.632431077012351,1.177465677613132,-0.4332539153331847,0.0,0.9997065525114344,False,True,1,100,High,random_forest,cyclone
-0.2292758048969967,-0.263642994099024,-1.5921342499973543,0.0,-0.001178127402462,True,False,1,99,High,random_forest,cyclone
2.1987654379758057,1.5801283947091758,-1.0126940826652695,0.0,-0.001178127402462,True,False,1,100,High,random_forest,cyclone
0.1654047767250822,0.7324174113490839,-1.0126940826652695,0.0,-0.5016204673594102,False,True,1,100,High,random_forest,cyclone
1.393299919549328,1.3046223251171458,0.1461862519989002,0.0,0.4992642125544862,False,True,1,99,High,random_forest,cyclone
-0.7091855893301211,-0.41199241618704,0.1461862519989002,0.0,-1.0020628073163584,False,True,1,97,High,random_forest,cyclone
1.4554875064841315,1.4953572963731665,0.1461862519989002,0.0,-1.0020628073163584,True,False,1,100,High,random_forest,cyclone
-0.7612150445345383,-1.3020889487151364,-0.7229739989992272,0.0,0.9997065525114344,False,True,1,100,High,random_forest,cyclone
-0.3360600677213006,0.2449835959170311,0.7256264193309852,0.0,-0.001178127402462,False,True,1,98,High,random_forest,cyclone
-0.3130184518450587,0.096634173829015,0.7256264193309852,0.0,-0.5016204673594102,False,True,1,98,High,random_forest,cyclone
-0.3296183256483728,0.4781041163410564,1.5947866703291125,0.0,-0.001178127402462,False,True,1,98,High,random_forest,cyclone
-1.304303453144455,-0.6451129366110653,-0.7229739989992272,0.0,-1.0020628073163584,False,True,1,99,High,random_forest,cyclone
-1.144498697873745,-0.4543779653550446,-0.4332539153331847,0.0,-1.5025051472733069,False,True,1,99,High,random_forest,cyclone
2.1987654379758057,1.5589356201251734,1.30506658666307,0.0,-0.5016204673594102,True,False,1,100,High,random_forest,cyclone
-0.972553736388671,-0.7298840349470744,1.0153465029970277,0.0,0.4992642125544862,True,False,1,99,High,random_forest,cyclone
-0.3531554601456091,0.2237908213330288,-1.0126940826652695,0.0,-1.5025051472733069,True,False,1,99,High,random_forest,cyclone
-0.8055639611135416,-0.5603418382750561,0.4359063356649427,0.0,-0.5016204673594102,False,True,1,99,High,random_forest,cyclone
-0.5265869774936665,-0.8146551332830836,-1.0126940826652695,0.0,-0.5016204673594102,True,False,1,99,High,random_forest,cyclone
1.901454265379136,1.5801283947091758,0.4359063356649427,0.0,-0.5016204673594102,True,False,1,100,High,random_forest,cyclone
-0.9522374729278984,-1.916679411651203,1.0153465029970277,0.0,0.9997065525114344,False,True,1,99,High,random_forest,cyclone
1.5793671617327438,1.2834295505331437,-1.0126940826652695,0.0,-1.5025051472733069,True,False,1,100,High,random_forest,cyclone
-1.0919737240483334,-1.6623661166431754,-0.7229739989992272,0.0,0.9997065525114344,False,True,1,98,High,random_forest,cyclone
0.4148984023957876,0.1602124975810219,1.5947866703291125,0.0,0.9997065525114344,True,False,1,99,High,random_forest,cyclone
-0.8345518004417168,-1.1537395266271204,1.5947866703291125,0.0,1.5001488924683828,False,True,1,99,High,random_forest,cyclone
0.7701852536488079,1.0079234809411135,-1.5921342499973543,0.0,-1.0020628073163584,False,True,1,99,High,random_forest,cyclone
1.653694954881911,1.15627290302913,0.1461862519989002,0.0,-0.5016204673594102,True,False,1,100,High,random_forest,cyclone
-0.0833455710141313,-1.7471372149791846,0.4359063356649427,0.0,-0.001178127402462,False,True,1,98,High,random_forest,cyclone
-0.6752425637920014,-1.0477756537071088,0.7256264193309852,0.0,0.9997065525114344,True,False,1,100,High,random_forest,cyclone
0.1671390918985628,0.0330558500770081,-1.0126940826652695,0.0,-0.001178127402462,True,False,1,99,High,random_forest,cyclone
-0.5592912064793001,-1.4504383708031523,1.0153465029970277,0.0,0.4992642125544862,False,True,1,97,High,random_forest,cyclone
-1.279032003473738,-1.5140166945551594,-1.0126940826652695,0.0,0.4992642125544862,False,True,1,97,High,random_forest,cyclone
1.2077281959869068,0.7959957351010908,-1.0126940826652695,0.0,1.5001488924683828,True,False,1,100,High,random_forest,cyclone
0.8608651612907922,1.0503090301091185,-1.5921342499973543,0.0,0.4992642125544862,True,False,1,100,High,random_forest,cyclone
0.3157946781968976,0.5416824400930633,1.30506658666307,0.0,0.9997065525114344,True,False,1,99,High,random_forest,cyclone
-0.1301720806981068,0.4992968909250587,0.7256264193309852,0.0,0.4992642125544862,True,False,1,100,High,random_forest,cyclone
-1.5139078298251072,-0.7722695841150791,-1.302414166331312,0.0,0.4992642125544862,False,True,1,99,High,random_forest,cyclone
-1.1955371158361732,-0.5815346128590584,-0.1435338316671422,0.0,-0.001178127402462,True,False,1,100,High,random_forest,cyclone
-2.0250352873808817,-1.7259444403951822,-1.5921342499973543,0.0,-0.5016204673594102,False,True,1,57,Medium,random_forest,cyclone
1.261987484985799,1.241044001365139,0.7256264193309852,0.0,1.5001488924683828,False,True,1,100,High,random_forest,cyclone
2.917267438417757,1.601321169293178,-1.0126940826652695,0.0,0.4992642125544862,True,False,1,100,High,random_forest,cyclone
0.9121513385637178,0.7748029605170885,-1.302414166331312,0.0,0.4992642125544862,False,True,1,100,High,random_forest,cyclone
-0.9844461832925376,-1.0689684282911112,1.30506658666307,0.0,-0.5016204673594102,False,True,1,99,High,random_forest,cyclone
1.7077064845703065,1.389393423453155,0.7256264193309852,0.0,-1.0020628073163584,False,True,1,100,High,random_forest,cyclone
-0.2136669683356716,0.4992968909250587,-1.0126940826652695,0.0,-0.5016204673594102,False,True,1,99,High,random_forest,cyclone
-0.0806202185986619,-0.4331851907710423,1.5947866703291125,0.0,0.9997065525114344,True,False,1,99,High,random_forest,cyclone
-1.3194167710847855,-0.3060285432670285,1.5947866703291125,0.0,1.5001488924683828,True,False,1,99,High,random_forest,cyclone
0.3100962140554615,0.8807668334371,0.7256264193309852,0.0,1.5001488924683828,False,True,1,100,High,random_forest,cyclone
-0.7247944258914463,-0.4543779653550446,-0.1435338316671422,0.0,-0.001178127402462,True,False,1,100,High,random_forest,cyclone
-0.0332981902936919,0.668839087597077,-1.302414166331312,0.0,0.9997065525114344,False,True,1,100,High,random_forest,cyclone
0.2256102891759078,0.3509474688370426,1.5947866703291125,0.0,-0.001178127402462,False,True,1,98,High,random_forest,cyclone
-1.6325845395532776,-1.556402243723164,1.5947866703291125,0.0,-0.001178127402462,False,True,1,97,High,random_forest,cyclone
1.8048281342852184,1.452971747205162,1.30506658666307,0.0,-0.001178127402462,False,True,1,100,High,random_forest,cyclone
0.4478503906919185,1.0715018046931206,0.4359063356649427,0.0,-1.5025051472733069,False,True,1,100,High,random_forest,cyclone
-0.3531554601456091,-0.5815346128590584,-1.302414166331312,0.0,-1.0020628073163584,True,False,1,99,High,random_forest,cyclone
0.3405706092466202,0.8171885096850932,1.0153465029970277,0.0,0.4992642125544862,True,False,1,100,High,random_forest,cyclone
0.1423631608488403,0.4992968909250587,-1.0126940826652695,0.0,-0.5016204673594102,True,False,1,99,High,random_forest,cyclone
-1.1722477406494345,-1.492823919971157,-0.7229739989992272,0.0,-1.0020628073163584,False,True,1,97,High,random_forest,cyclone
-0.1497450662273876,0.4992968909250587,0.1461862519989002,0.0,0.9997065525114344,False,True,1,99,High,random_forest,cyclone
0.1594585532731489,0.4992968909250587,-0.4332539153331847,0.0,-1.5025051472733069,False,True,1,100,High,random_forest,cyclone
-0.965864235005246,-1.3656672724671433,1.30506658666307,0.0,0.9997065525114344,False,True,1,99,High,random_forest,cyclone
0.4148984023957876,0.7112246367650816,1.30506658666307,0.0,-1.0020628073163584,True,False,1,97,High,random_forest,cyclone
-0.7545255431511132,-1.471631145387155,1.5947866703291125,0.0,-1.0020628073163584,False,True,1,98,High,random_forest,cyclone
-0.8238981500903362,-0.5815346128590584,1.0153465029970277,0.0,1.5001488924683828,True,False,1,100,High,random_forest,cyclone
-1.344192702134508,-0.6874984857790699,-0.7229739989992272,0.0,0.9997065525114344,True,False,1,100,High,random_forest,cyclone
-0.6009147706428338,-1.196125075795125,-0.1435338316671422,0.0,-0.5016204673594102,True,False,1,100,High,random_forest,cyclone
-0.8982259432395036,-0.7086912603630722,0.4359063356649427,0.0,-1.5025051472733069,True,False,1,100,High,random_forest,cyclone
2.781990854886273,1.7072850422131896,-0.1435338316671422,0.0,0.9997065525114344,False,True,1,100,High,random_forest,cyclone
-0.5000767312704635,-0.1788718957630147,-0.1435338316671422,0.0,0.9997065525114344,False,True,1,98,High,random_forest,cyclone
-0.2436458449058358,0.4569113417570541,1.0153465029970277,0.0,0.4992642125544862,False,True,1,98,High,random_forest,cyclone
-1.0468815295378384,-0.5603418382750561,-0.1435338316671422,0.0,0.4992642125544862,True,False,1,100,High,random_forest,cyclone
0.4644502644952325,0.7112246367650816,-1.5921342499973543,0.0,0.9997065525114344,True,False,1,99,High,random_forest,cyclone
0.8256833392001862,1.1986584521971344,0.1461862519989002,0.0,0.9997065525114344,False,True,1,100,High,random_forest,cyclone
-0.2946842628682641,-0.3484140924350331,1.30506658666307,0.0,-1.0020628073163584,False,True,1,96,High,random_forest,cyclone
0.4396743334455101,-0.051715248259001,-0.4332539153331847,0.0,-0.001178127402462,True,False,1,99,High,random_forest,cyclone
1.1762627635537592,1.2834295505331437,0.7256264193309852,0.0,-0.5016204673594102,False,True,1,99,High,random_forest,cyclone
-0.2292758048969967,-0.6027273874430606,-1.0126940826652695,0.0,-1.5025051472733069,True,False,1,99,High,random_forest,cyclone
-0.2396816959378802,0.8807668334371,-1.302414166331312,0.0,0.4992642125544862,False,True,1,100,High,random_forest,cyclone
1.3811597133349642,1.4953572963731665,-1.302414166331312,0.0,0.9997065525114344,True,False,1,100,High,random_forest,cyclone
-0.0023282764815388,-0.1364863465950102,-0.1435338316671422,0.0,-1.0020628073163584,False,True,1,97,High,random_forest,cyclone
0.0893426684024342,0.9443451571891068,1.30506658666307,0.0,-1.0020628073163584,False,True,1,100,High,random_forest,cyclone
-0.6256907016925564,-1.196125075795125,0.7256264193309852,0.0,-0.001178127402462,True,False,1,100,High,random_forest,cyclone
0.0058477807648695,0.3297546942530403,-1.302414166331312,0.0,1.5001488924683828,False,True,1,99,High,random_forest,cyclone
-0.9980729453698852,-1.8954866370672008,1.30506658666307,0.0,-0.5016204673594102,False,True,1,100,High,random_forest,cyclone
-0.6878782886273598,-1.853101087899196,-0.4332539153331847,0.0,-0.001178127402462,False,True,1,99,High,random_forest,cyclone
-0.0558442875489394,0.2025980467490265,1.30506658666307,0.0,1.5001488924683828,True,False,1,100,High,random_forest,cyclone
0.6626577128930123,0.8595740588530977,-1.0126940826652695,0.0,-0.001178127402462,True,False,1,100,High,random_forest,cyclone
-0.6504666327422789,-0.3907996416030377,-1.0126940826652695,0.0,1.5001488924683828,True,False,1,99,High,random_forest,cyclone
-0.9973296674383936,0.1602124975810219,-1.302414166331312,0.0,-0.001178127402462,True,False,1,99,High,random_forest,cyclone
1.628919023832189,1.2622367759491413,0.4359063356649427,0.0,0.4992642125544862,True,False,1,100,High,random_forest,cyclone
1.059072609688572,1.0079234809411135,-1.5921342499973543,0.0,-1.0020628073163584,True,False,1,100,High,random_forest,cyclone
-0.1155542813787706,-0.1576791211790124,1.30506658666307,0.0,1.5001488924683828,False,True,1,97,High,random_forest,cyclone
0.4290206830941294,0.7959957351010908,1.30506658666307,0.0,1.5001488924683828,False,True,1,100,High,random_forest,cyclone
1.678470885931634,1.4105861980371577,0.4359063356649427,0.0,1.5001488924683828,True,False,1,100,High,random_forest,cyclone
-0.5265869774936665,-1.0477756537071088,1.5947866703291125,0.0,0.9997065525114344,True,False,1,99,High,random_forest,cyclone
0.6874336439427349,0.7112246367650816,-0.1435338316671422,0.0,-0.5016204673594102,True,False,1,99,High,random_forest,cyclone
2.533983785078551,1.5165500709571689,1.0153465029970277,0.0,-0.001178127402462,False,True,1,100,High,random_forest,cyclone
-0.5761388395931114,-0.6663057111950675,-0.1435338316671422,0.0,0.9997065525114344,True,False,1,100,High,random_forest,cyclone
2.248317300075251,1.5589356201251734,1.0153465029970277,0.0,1.5001488924683828,True,False,1,100,High,random_forest,cyclone
-0.2525651800837358,0.0542486246610104,0.1461862519989002,0.0,-1.5025051472733069,False,True,1,97,High,random_forest,cyclone
-0.4250056601898043,0.3509474688370426,-0.4332539153331847,0.0,1.5001488924683828,False,True,1,99,High,random_forest,cyclone
-0.2458756787003108,0.1390197229970196,0.1461862519989002,0.0,0.9997065525114344,False,True,1,99,High,random_forest,cyclone
-0.8823693473676811,-1.768329989563187,-0.4332539153331847,0.0,-1.0020628073163584,False,True,1,98,High,random_forest,cyclone
-0.8791484763312173,-1.42924559621915,-1.0126940826652695,0.0,-0.5016204673594102,False,True,1,98,High,random_forest,cyclone
-0.0558442875489394,-0.263642994099024,0.4359063356649427,0.0,0.9997065525114344,True,False,1,99,High,random_forest,cyclone
-0.6752425637920014,-1.4504383708031523,-0.1435338316671422,0.0,-1.0020628073163584,False,True,1,98,High,random_forest,cyclone
1.863794850183558,1.5801283947091758,1.30506658666307,0.0,-0.001178127402462,False,True,1,100,High,random_forest,cyclone
-1.5352151305278685,-0.6874984857790699,-0.4332539153331847,0.0,-1.5025051472733069,False,True,1,99,High,random_forest,cyclone
2.0748857827271934,1.4741645217891644,1.30506658666307,0.0,0.4992642125544862,True,False,1,100,High,random_forest,cyclone
-0.7240511479599546,-0.5179562891070515,0.1461862519989002,0.0,-1.0020628073163584,False,True,1,99,High,random_forest,cyclone
-0.551362908543389,-1.0689684282911112,-1.0126940826652695,0.0,-0.5016204673594102,True,False,1,99,High,random_forest,cyclone
-0.6504666327422789,-0.4967635145230492,-1.302414166331312,0.0,1.5001488924683828,True,False,1,100,High,random_forest,cyclone
-0.6016580485743256,-1.916679411651203,0.7256264193309852,0.0,-0.001178127402462,False,True,1,99,High,random_forest,cyclone
-1.233939808963243,-1.2597033995471318,-1.0126940826652695,0.0,0.9997065525114344,False,True,1,100,High,random_forest,cyclone
-0.3283795290958867,-0.3696068670190354,0.7256264193309852,0.0,-0.5016204673594102,True,False,1,99,High,random_forest,cyclone
2.145001667597908,1.601321169293178,0.4359063356649427,0.0,-0.001178127402462,False,True,1,100,High,random_forest,cyclone
-0.0838410896351258,0.3297546942530403,0.4359063356649427,0.0,0.9997065525114344,False,True,1,98,High,random_forest,cyclone
1.479024640981368,1.15627290302913,-1.0126940826652695,0.0,1.5001488924683828,False,True,1,100,High,random_forest,cyclone
1.9505106088575868,1.5589356201251734,-0.4332539153331847,0.0,-1.5025051472733069,False,True,1,100,High,random_forest,cyclone
-0.5018110464439439,0.4357185671730518,-1.0126940826652695,0.0,1.5001488924683828,True,False,1,100,High,random_forest,cyclone
-1.0347413233234743,-0.8782334570350905,0.4359063356649427,0.0,0.4992642125544862,False,True,1,99,High,random_forest,cyclone
-0.5379839057765388,-1.3232817232991387,-1.302414166331312,0.0,-1.0020628073163584,False,True,1,100,High,random_forest,cyclone
0.0308714711250892,-1.9378721862352053,0.1461862519989002,0.0,-0.001178127402462,False,True,1,99,High,random_forest,cyclone
-0.4527547029654935,-1.2808961741311342,-0.1435338316671422,0.0,0.4992642125544862,False,True,1,99,High,random_forest,cyclone
-0.9735447736306598,-1.6411733420591732,1.5947866703291125,0.0,0.9997065525114344,False,True,1,97,High,random_forest,cyclone
-0.0677367344528062,-0.3696068670190354,-1.302414166331312,0.0,-1.5025051472733069,False,True,1,97,High,random_forest,cyclone
2.0607635020288515,1.5801283947091758,1.5947866703291125,0.0,0.9997065525114344,False,True,1,100,High,random_forest,cyclone
-0.4708411326317909,0.5840679892610678,-0.4332539153331847,0.0,0.9997065525114344,False,True,1,99,High,random_forest,cyclone
1.8387711598233385,1.5801283947091758,0.4359063356649427,0.0,-0.5016204673594102,False,True,1,100,High,random_forest,cyclone
-0.9477778053389484,-0.3907996416030377,-1.302414166331312,0.0,1.5001488924683828,True,False,1,99,High,random_forest,cyclone
-0.5221273099047165,-1.8742938624831984,-0.7229739989992272,0.0,1.5001488924683828,False,True,1,100,High,random_forest,cyclone
-0.4027073222450541,-0.1788718957630147,1.5947866703291125,0.0,1.5001488924683828,True,False,1,99,High,random_forest,cyclone
-0.2044998738472742,-1.344474497883141,-0.4332539153331847,0.0,0.9997065525114344,True,False,1,100,High,random_forest,cyclone
1.3811597133349642,1.2198512267811368,-1.0126940826652695,0.0,-0.001178127402462,True,False,1,100,High,random_forest,cyclone
-1.0964333916372837,-0.3060285432670285,-1.5921342499973543,0.0,-1.0020628073163584,True,False,1,99,High,random_forest,cyclone
1.1210124373128785,1.1986584521971344,-1.0126940826652695,0.0,-0.5016204673594102,False,True,1,99,High,random_forest,cyclone
-0.6504666327422789,-0.9418117807870974,1.5947866703291125,0.0,0.4992642125544862,True,False,1,99,High,random_forest,cyclone
-1.1977669496306482,-0.7722695841150791,0.4359063356649427,0.0,-0.001178127402462,False,True,1,99,High,random_forest,cyclone
-0.8263757431953085,0.4145257925890495,-1.0126940826652695,0.0,0.4992642125544862,False,True,1,99,High,random_forest,cyclone
-0.7438718927997325,-0.623920162027063,-0.4332539153331847,0.0,0.4992642125544862,False,True,1,98,High,random_forest,cyclone
-0.1705568483091545,-1.70475166581118,-1.5921342499973543,0.0,-0.001178127402462,False,True,1,97,High,random_forest,cyclone
-0.9477778053389484,-1.0901612028751135,1.5947866703291125,0.0,-0.001178127402462,True,False,1,99,High,random_forest,cyclone
-0.4770351153942215,-0.263642994099024,-1.302414166331312,0.0,1.5001488924683828,True,False,1,99,High,random_forest,cyclone
0.2414668850477302,0.5416824400930633,1.0153465029970277,0.0,-0.5016204673594102,True,False,1,99,High,random_forest,cyclone
-0.3088065435666058,-1.6411733420591732,-1.5921342499973543,0.0,-1.5025051472733069,False,True,1,97,High,random_forest,cyclone
-0.0090177778649639,0.668839087597077,-1.0126940826652695,0.0,0.9997065525114344,False,True,1,100,High,random_forest,cyclone
-0.0944947399865065,0.8171885096850932,0.4359063356649427,0.0,1.5001488924683828,False,True,1,100,High,random_forest,cyclone
-0.6256907016925564,-1.1537395266271204,1.0153465029970277,0.0,-1.0020628073163584,True,False,1,100,High,random_forest,cyclone
-0.0062924254494944,-0.1576791211790124,1.5947866703291125,0.0,-1.0020628073163584,True,False,1,100,High,random_forest,cyclone
-0.3283795290958867,0.096634173829015,0.7256264193309852,0.0,-0.5016204673594102,True,False,1,99,High,random_forest,cyclone
-0.6026490858163144,-0.2848357686830262,-0.4332539153331847,0.0,-0.001178127402462,False,True,1,96,High,random_forest,cyclone
1.5545912306830214,1.4317789726211596,-0.1435338316671422,0.0,-0.5016204673594102,True,False,1,100,High,random_forest,cyclone
-1.0691798674825888,-1.2808961741311342,-0.7229739989992272,0.0,1.5001488924683828,False,True,1,100,High,random_forest,cyclone
-1.0676933116196052,-1.471631145387155,-1.302414166331312,0.0,1.5001488924683828,False,True,1,98,High,random_forest,cyclone
-1.073144016450544,-1.70475166581118,1.30506658666307,0.0,1.5001488924683828,False,True,1,98,High,random_forest,cyclone
0.0432594366499504,0.3721402434210449,0.1461862519989002,0.0,0.9997065525114344,True,False,1,100,High,random_forest,cyclone
-0.551362908543389,-1.0053901045391045,-1.5921342499973543,0.0,-0.5016204673594102,True,False,1,99,High,random_forest,cyclone
-1.366986558700253,-0.7086912603630722,-0.1435338316671422,0.0,-0.5016204673594102,False,True,1,98,High,random_forest,cyclone
0.2910187471471752,-0.0093296990909964,-0.7229739989992272,0.0,-0.001178127402462,True,False,1,99,High,random_forest,cyclone
0.8608651612907922,0.9655379317731092,0.7256264193309852,0.0,0.4992642125544862,True,False,1,100,High,random_forest,cyclone
1.158176333887462,1.092694579277123,-0.7229739989992272,0.0,0.9997065525114344,True,False,1,100,High,random_forest,cyclone
-0.2540517359467192,0.1178269484130173,-0.7229739989992272,0.0,0.4992642125544862,True,False,1,99,High,random_forest,cyclone
0.851945826112892,0.8383812842690954,-1.302414166331312,0.0,-1.0020628073163584,False,True,1,100,High,random_forest,cyclone
-0.3036035980461642,-1.0265828791231066,0.7256264193309852,0.0,1.5001488924683828,True,False,1,100,High,random_forest,cyclone
0.8933216309659286,1.0715018046931206,1.30506658666307,0.0,-1.0020628073163584,False,True,1,100,High,random_forest,cyclone
-0.4589486857279241,0.2449835959170311,-1.302414166331312,0.0,-1.0020628073163584,False,True,1,98,High,random_forest,cyclone
0.5494317079957806,0.8595740588530977,-0.4332539153331847,0.0,-1.0020628073163584,False,True,1,100,High,random_forest,cyclone
0.1919150229482853,-0.0093296990909964,-0.4332539153331847,0.0,0.9997065525114344,True,False,1,99,High,random_forest,cyclone
1.948528534373609,1.664899493045185,-1.5921342499973543,0.0,0.9997065525114344,False,True,1,100,High,random_forest,cyclone
0.5333273528134611,0.7536101859330863,1.30506658666307,0.0,-0.001178127402462,False,True,1,100,High,random_forest,cyclone
0.1314617511869625,0.1814052721650242,-0.7229739989992272,0.0,-1.0020628073163584,False,True,1,98,High,random_forest,cyclone
-1.6717305106118394,-1.6411733420591732,-1.0126940826652695,0.0,-0.001178127402462,False,True,1,96,High,random_forest,cyclone
-0.2540517359467192,-1.2808961741311342,1.0153465029970277,0.0,-1.5025051472733069,True,False,1,100,High,random_forest,cyclone
-0.5092438257588607,-0.3484140924350331,0.4359063356649427,0.0,-1.5025051472733069,False,True,1,97,High,random_forest,cyclone
1.3563837822852418,1.15627290302913,1.5947866703291125,0.0,-1.0020628073163584,True,False,1,100,High,random_forest,cyclone
-0.7832656231687913,-0.4331851907710423,0.4359063356649427,0.0,-0.5016204673594102,False,True,1,99,High,random_forest,cyclone
2.569413366479654,1.5377428455411712,-0.7229739989992272,0.0,0.4992642125544862,False,True,1,100,High,random_forest,cyclone
-0.1888910372859491,-1.9378721862352053,-0.1435338316671422,0.0,-1.0020628073163584,False,True,1,100,High,random_forest,cyclone
-1.0671977929986107,-0.6451129366110653,1.0153465029970277,0.0,-0.5016204673594102,False,True,1,99,High,random_forest,cyclone
1.8427353087912937,1.4953572963731665,-0.7229739989992272,0.0,-1.0020628073163584,False,True,1,100,High,random_forest,cyclone
0.2910187471471752,0.8807668334371,1.0153465029970277,0.0,-1.0020628073163584,True,False,1,100,High,random_forest,cyclone
-0.2572726069831831,0.1178269484130173,-0.4332539153331847,0.0,1.5001488924683828,False,True,1,99,High,random_forest,cyclone
1.4554875064841315,1.4317789726211596,1.30506658666307,0.0,-1.0020628073163584,True,False,1,100,High,random_forest,cyclone
1.188155210457626,1.3682006488691527,1.5947866703291125,0.0,-1.5025051472733069,False,True,1,100,High,random_forest,cyclone
-0.7743462879908912,-0.3060285432670285,0.4359063356649427,0.0,-0.001178127402462,True,False,1,99,High,random_forest,cyclone
-1.0572874205787215,-0.3060285432670285,-0.4332539153331847,0.0,-0.5016204673594102,False,True,1,96,High,random_forest,cyclone
1.0342966786388494,0.8383812842690954,-1.0126940826652695,0.0,-1.0020628073163584,True,False,1,100,High,random_forest,cyclone
1.6180176141703109,1.3258150997011482,-1.302414166331312,0.0,-0.5016204673594102,False,True,1,100,High,random_forest,cyclone
-0.7991222190406138,-0.3907996416030377,-0.1435338316671422,0.0,-1.5025051472733069,True,False,1,100,High,random_forest,cyclone
-0.5075095105853801,-0.984197329955102,1.0153465029970277,0.0,0.4992642125544862,False,True,1,99,High,random_forest,cyclone
-0.8256324652638167,-0.8994262316190929,1.0153465029970277,0.0,-1.0020628073163584,False,True,1,99,High,random_forest,cyclone
-0.6752425637920014,-0.1788718957630147,-0.4332539153331847,0.0,-0.5016204673594102,True,False,1,99,High,random_forest,cyclone
0.201577636057677,0.7324174113490839,-1.302414166331312,0.0,-0.5016204673594102,False,True,1,100,High,random_forest,cyclone
0.4148984023957876,-1.3020889487151364,-1.5921342499973543,0.0,1.5001488924683828,True,False,1,99,High,random_forest,cyclone
-0.2409204924903663,0.668839087597077,0.1461862519989002,0.0,-1.0020628073163584,False,True,1,99,High,random_forest,cyclone
-0.7508091534936548,-1.1749323012111226,0.4359063356649427,0.0,-0.5016204673594102,False,True,1,99,High,random_forest,cyclone
-0.76195832246603,-0.41199241618704,-1.302414166331312,0.0,0.4992642125544862,False,True,1,97,High,random_forest,cyclone
-0.199792446947827,0.5628752146770656,-1.0126940826652695,0.0,1.5001488924683828,False,True,1,99,High,random_forest,cyclone
-0.5265869774936665,-0.8994262316190929,-1.5921342499973543,0.0,-1.0020628073163584,True,False,1,100,High,random_forest,cyclone
0.76820317916483,1.177465677613132,0.4359063356649427,0.0,1.5001488924683828,False,True,1,100,High,random_forest,cyclone
3.685321300959154,1.6860922676291872,0.7256264193309852,0.0,0.4992642125544862,True,False,1,100,High,random_forest,cyclone
1.2077281959869068,1.2622367759491413,-0.1435338316671422,0.0,1.5001488924683828,True,False,1,100,High,random_forest,cyclone
0.6272281314919093,0.7748029605170885,-0.4332539153331847,0.0,-0.001178127402462,False,True,1,100,High,random_forest,cyclone
-0.1549480117478293,0.3297546942530403,1.0153465029970277,0.0,-0.001178127402462,True,False,1,100,High,random_forest,cyclone
0.5749509169769947,0.2025980467490265,-0.7229739989992272,0.0,-0.5016204673594102,False,True,1,98,High,random_forest,cyclone
1.7775746101305236,1.389393423453155,0.7256264193309852,0.0,-1.0020628073163584,True,False,1,100,High,random_forest,cyclone
0.9351929544399596,1.2834295505331437,-0.4332539153331847,0.0,0.9997065525114344,True,False,1,100,High,random_forest,cyclone
-0.0062924254494944,-0.3484140924350331,1.0153465029970277,0.0,0.9997065525114344,True,False,1,99,High,random_forest,cyclone
-0.3209467497809699,0.5628752146770656,-0.1435338316671422,0.0,-1.5025051472733069,False,True,1,99,High,random_forest,cyclone
-0.9433181377499984,-1.853101087899196,0.7256264193309852,0.0,-1.5025051472733069,False,True,1,99,High,random_forest,cyclone
-0.6910991596638236,-1.5352094691391618,-0.1435338316671422,0.0,-0.001178127402462,False,True,1,97,High,random_forest,cyclone
-0.7151318127820544,-1.471631145387155,0.4359063356649427,0.0,0.9997065525114344,False,True,1,98,High,random_forest,cyclone
1.3563837822852418,1.241044001365139,1.0153465029970277,0.0,-1.0020628073163584,True,False,1,100,High,random_forest,cyclone
-0.1549480117478293,-0.1364863465950102,-1.5921342499973543,0.0,0.4992642125544862,True,False,1,99,High,random_forest,cyclone
-0.6009147706428338,-0.8146551332830836,1.0153465029970277,0.0,1.5001488924683828,True,False,1,100,High,random_forest,cyclone
-1.321894364189758,-0.6451129366110653,-0.4332539153331847,0.0,-0.001178127402462,False,True,1,98,High,random_forest,cyclone
-1.5572657091621214,-1.0265828791231066,-1.5921342499973543,0.0,-1.0020628073163584,False,True,1,99,High,random_forest,cyclone
-0.9596702522428152,-1.217317850379127,1.5947866703291125,0.0,-0.5016204673594102,False,True,1,99,High,random_forest,cyclone
1.095740987642161,1.15627290302913,0.7256264193309852,0.0,-1.0020628073163584,False,True,1,99,High,random_forest,cyclone
2.3226450932244185,1.6437067184611829,1.30506658666307,0.0,-1.5025051472733069,True,False,1,100,High,random_forest,cyclone
0.449584705865399,1.092694579277123,1.5947866703291125,0.0,0.4992642125544862,False,True,1,100,High,random_forest,cyclone
-0.0806202185986619,0.8595740588530977,1.5947866703291125,0.0,0.9997065525114344,True,False,1,100,High,random_forest,cyclone
0.9104170233902372,0.9655379317731092,-1.0126940826652695,0.0,-0.5016204673594102,True,False,1,100,High,random_forest,cyclone
0.489226195544955,0.8595740588530977,0.1461862519989002,0.0,1.5001488924683828,True,False,1,100,High,random_forest,cyclone
1.4059356443846869,1.1986584521971344,-0.7229739989992272,0.0,0.9997065525114344,True,False,1,100,High,random_forest,cyclone
1.6120713907183777,1.3046223251171458,1.30506658666307,0.0,-1.0020628073163584,False,True,1,99,High,random_forest,cyclone
-0.2044998738472742,0.2873691450850357,-1.5921342499973543,0.0,-1.0020628073163584,True,False,1,100,High,random_forest,cyclone
0.2811083747272862,0.6264535384290725,-0.1435338316671422,0.0,0.4992642125544862,False,True,1,99,High,random_forest,cyclone
3.388010128362485,1.5377428455411712,-1.302414166331312,0.0,-1.5025051472733069,True,False,1,100,High,random_forest,cyclone
0.6378817818432899,1.1138873538611251,-0.1435338316671422,0.0,0.9997065525114344,True,False,1,100,High,random_forest,cyclone
-0.2721381656130166,-1.3020889487151364,-1.302414166331312,0.0,-0.5016204673594102,False,True,1,100,High,random_forest,cyclone
1.2077281959869068,1.3258150997011482,-0.4332539153331847,0.0,-1.5025051472733069,True,False,1,100,High,random_forest,cyclone
0.5140021265946775,0.7748029605170885,-0.1435338316671422,0.0,1.5001488924683828,True,False,1,100,High,random_forest,cyclone
-0.2248161373080467,0.0542486246610104,0.7256264193309852,0.0,1.5001488924683828,False,True,1,99,High,random_forest,cyclone
1.2369637946255794,1.1350801284451275,-0.1435338316671422,0.0,1.5001488924683828,False,True,1,100,High,random_forest,cyclone
0.38343296996264,0.7536101859330863,1.0153465029970277,0.0,-1.5025051472733069,False,True,1,100,High,random_forest,cyclone
-1.4764961739400262,-0.3060285432670285,-1.302414166331312,0.0,0.4992642125544862,False,True,1,97,High,random_forest,cyclone
-0.8793962356417145,-1.7259444403951822,0.7256264193309852,0.0,-1.5025051472733069,False,True,1,98,High,random_forest,cyclone
0.1919150229482853,0.1814052721650242,0.7256264193309852,0.0,-1.5025051472733069,True,False,1,100,High,random_forest,cyclone
0.3653465402963426,0.7324174113490839,1.30506658666307,0.0,-0.5016204673594102,True,False,1,99,High,random_forest,cyclone
-0.5018110464439439,-0.41199241618704,1.30506658666307,0.0,0.9997065525114344,True,False,1,99,High,random_forest,cyclone
-0.8129967404284583,-1.8107155387311915,0.1461862519989002,0.0,-0.001178127402462,False,True,1,97,High,random_forest,cyclone
0.1175872297991179,0.668839087597077,-0.7229739989992272,0.0,-1.0020628073163584,True,False,1,99,High,random_forest,cyclone
-1.31099295452788,-1.5775950183071663,1.5947866703291125,0.0,-0.5016204673594102,False,True,1,97,High,random_forest,cyclone
-0.9002080177234815,-0.9630045553710996,0.7256264193309852,0.0,-0.001178127402462,False,True,1,99,High,random_forest,cyclone
0.0432594366499504,-0.0305224736749987,0.1461862519989002,0.0,-0.5016204673594102,True,False,1,99,High,random_forest,cyclone
0.1175872297991179,-0.623920162027063,-1.5921342499973543,0.0,-0.001178127402462,True,False,1,99,High,random_forest,cyclone
0.7369855060421797,0.9231523826051046,1.30506658666307,0.0,1.5001488924683828,True,False,1,100,High,random_forest,cyclone
0.2166909539980078,0.3721402434210449,0.7256264193309852,0.0,0.4992642125544862,True,False,1,99,High,random_forest,cyclone
0.4396743334455101,0.7536101859330863,0.4359063356649427,0.0,-0.5016204673594102,True,False,1,99,High,random_forest,cyclone
-0.3036035980461642,0.4569113417570541,0.1461862519989002,0.0,-0.001178127402462,True,False,1,100,High,random_forest,cyclone
1.113084139376967,1.092694579277123,0.1461862519989002,0.0,0.9997065525114344,False,True,1,100,High,random_forest,cyclone
-0.4596919636594158,0.5628752146770656,1.5947866703291125,0.0,-1.0020628073163584,False,True,1,97,High,random_forest,cyclone
0.2850725236952418,-1.408052821635148,0.7256264193309852,0.0,0.9997065525114344,False,True,1,99,High,random_forest,cyclone
-0.5820850630450448,0.6900318621810794,0.4359063356649427,0.0,1.5001488924683828,False,True,1,99,High,random_forest,cyclone
1.8801469646763749,1.6437067184611829,1.5947866703291125,0.0,-0.5016204673594102,False,True,1,99,High,random_forest,cyclone
-0.6249474237610646,0.4569113417570541,-1.0126940826652695,0.0,-1.5025051472733069,False,True,1,99,High,random_forest,cyclone
-0.7495703569411687,-0.9630045553710996,-1.302414166331312,0.0,-1.0020628073163584,True,False,1,99,High,random_forest,cyclone
1.1874119325261343,1.3258150997011482,-0.4332539153331847,0.0,-1.5025051472733069,False,True,1,100,High,random_forest,cyclone
1.9453076633371449,1.5377428455411712,0.1461862519989002,0.0,0.4992642125544862,False,True,1,100,High,random_forest,cyclone
-0.0806202185986619,0.6476463130130747,-0.4332539153331847,0.0,-0.5016204673594102,True,False,1,100,High,random_forest,cyclone
0.5140021265946775,0.7112246367650816,0.1461862519989002,0.0,0.4992642125544862,True,False,1,99,High,random_forest,cyclone
-0.0298295599467308,0.308561919669038,1.0153465029970277,0.0,-0.5016204673594102,False,True,1,98,High,random_forest,cyclone
0.7850508122786414,0.9019596080211024,-1.302414166331312,0.0,0.9997065525114344,False,True,1,100,High,random_forest,cyclone
0.3574182423604314,0.7959957351010908,0.7256264193309852,0.0,-1.0020628073163584,False,True,1,100,High,random_forest,cyclone
-0.3036035980461642,0.2661763705010334,-1.5921342499973543,0.0,1.5001488924683828,True,False,1,99,High,random_forest,cyclone
-0.0558442875489394,-0.0305224736749987,0.7256264193309852,0.0,-1.0020628073163584,True,False,1,100,High,random_forest,cyclone
-0.4168296029433959,-0.41199241618704,-1.0126940826652695,0.0,0.9997065525114344,False,True,1,98,High,random_forest,cyclone
-0.1797239427975518,0.4992968909250587,-0.1435338316671422,0.0,-0.001178127402462,True,False,1,100,High,random_forest,cyclone
-0.873450012189781,-1.1749323012111226,-1.302414166331312,0.0,-0.5016204673594102,True,False,1,99,High,random_forest,cyclone
-0.923001874289226,-0.6663057111950675,-1.0126940826652695,0.0,0.4992642125544862,True,False,1,99,High,random_forest,cyclone
0.209258174683091,0.7536101859330863,-0.7229739989992272,0.0,1.5001488924683828,False,True,1,100,High,random_forest,cyclone
-1.2678828345013629,-1.0477756537071088,-0.4332539153331847,0.0,-1.0020628073163584,False,True,1,99,High,random_forest,cyclone
-1.359801538695833,-0.7722695841150791,1.30506658666307,0.0,0.4992642125544862,False,True,1,98,High,random_forest,cyclone
-0.6303981285920037,0.3509474688370426,-0.7229739989992272,0.0,0.4992642125544862,False,True,1,98,High,random_forest,cyclone
0.2910187471471752,0.6900318621810794,1.5947866703291125,0.0,-0.5016204673594102,True,False,1,99,High,random_forest,cyclone
-0.4770351153942215,-0.9630045553710996,-0.1435338316671422,0.0,-0.5016204673594102,True,False,1,100,High,random_forest,cyclone
-0.4027073222450541,0.668839087597077,0.4359063356649427,0.0,0.4992642125544862,True,False,1,100,High,random_forest,cyclone
1.6180176141703109,1.15627290302913,0.4359063356649427,0.0,0.9997065525114344,False,True,1,100,High,random_forest,cyclone
-0.4274832532947765,-0.6663057111950675,-0.7229739989992272,0.0,-1.5025051472733069,True,False,1,99,High,random_forest,cyclone
-0.6256907016925564,-0.6663057111950675,-1.5921342499973543,0.0,-1.5025051472733069,True,False,1,100,High,random_forest,cyclone
-1.061994847478169,-0.3060285432670285,-1.5921342499973543,0.0,-1.0020628073163584,False,True,1,97,High,random_forest,cyclone
2.344447912548174,1.601321169293178,-0.7229739989992272,0.0,-1.5025051472733069,False,True,1,100,High,random_forest,cyclone
-0.2044998738472742,-0.3272213178510308,-1.302414166331312,0.0,-0.5016204673594102,True,False,1,98,High,random_forest,cyclone
-0.8486740811400586,-0.9630045553710996,1.0153465029970277,0.0,0.9997065525114344,True,False,1,100,High,random_forest,cyclone
-1.6363009292107362,-0.6874984857790699,-1.5921342499973543,0.0,1.5001488924683828,False,True,1,99,High,random_forest,cyclone
-0.5766343582141058,-0.8570406824510882,-1.302414166331312,0.0,1.5001488924683828,False,True,1,99,High,random_forest,cyclone
-0.1549480117478293,0.6900318621810794,-0.7229739989992272,0.0,-0.001178127402462,True,False,1,99,High,random_forest,cyclone
-0.0558442875489394,-0.4331851907710423,1.30506658666307,0.0,-0.001178127402462,True,False,1,99,High,random_forest,cyclone
1.4059356443846869,1.452971747205162,-1.0126940826652695,0.0,-0.001178127402462,True,False,1,100,High,random_forest,cyclone
1.480263437533854,1.1350801284451275,1.5947866703291125,0.0,-1.5025051472733069,True,False,1,100,High,random_forest,cyclone
-0.7247944258914463,-0.41199241618704,-0.7229739989992272,0.0,-1.0020628073163584,True,False,1,99,High,random_forest,cyclone
-0.3348212711688145,-1.3868600470511456,1.30506658666307,0.0,0.4992642125544862,False,True,1,99,High,random_forest,cyclone
-0.4430920898561017,-0.984197329955102,0.7256264193309852,0.0,-0.5016204673594102,False,True,1,99,High,random_forest,cyclone
-0.3449794028992007,0.1178269484130173,-0.7229739989992272,0.0,0.4992642125544862,False,True,1,98,High,random_forest,cyclone
0.0680353676996729,0.5628752146770656,1.30506658666307,0.0,1.5001488924683828,True,False,1,99,High,random_forest,cyclone
0.6131058507935674,0.0118630754930058,-1.302414166331312,0.0,-1.0020628073163584,True,False,1,99,High,random_forest,cyclone
0.7112185377504684,1.092694579277123,0.7256264193309852,0.0,0.4992642125544862,False,True,1,100,High,random_forest,cyclone
2.099661713776916,1.6437067184611829,-0.1435338316671422,0.0,-1.0020628073163584,True,False,1,100,High,random_forest,cyclone
0.3901224713460651,0.2873691450850357,0.4359063356649427,0.0,-0.001178127402462,True,False,1,100,High,random_forest,cyclone
0.6626577128930123,1.092694579277123,1.5947866703291125,0.0,0.4992642125544862,True,False,1,100,High,random_forest,cyclone
1.5793671617327438,1.4953572963731665,1.30506658666307,0.0,0.9997065525114344,False,True,1,100,High,random_forest,cyclone
0.7216244287913518,0.8383812842690954,0.4359063356649427,0.0,-1.5025051472733069,False,True,1,100,High,random_forest,cyclone
-1.1117944688881114,-1.6835588912271775,1.30506658666307,0.0,-1.0020628073163584,False,True,1,99,High,random_forest,cyclone
1.2077281959869068,1.029116255525116,-1.0126940826652695,0.0,1.5001488924683828,True,False,1,100,High,random_forest,cyclone
-0.0558442875489394,0.5628752146770656,-0.4332539153331847,0.0,0.4992642125544862,True,False,1,99,High,random_forest,cyclone
-0.1797239427975518,0.1390197229970196,-1.0126940826652695,0.0,-0.5016204673594102,True,False,1,99,High,random_forest,cyclone
-0.9106139087643648,-0.5815346128590584,-0.7229739989992272,0.0,0.9997065525114344,False,True,1,99,High,random_forest,cyclone
1.2852768601725382,1.4317789726211596,1.30506658666307,0.0,-1.0020628073163584,False,True,1,100,High,random_forest,cyclone
-0.5018110464439439,-0.1364863465950102,-1.0126940826652695,0.0,-1.5025051472733069,True,False,1,99,High,random_forest,cyclone
1.3316078512355192,1.4741645217891644,-0.7229739989992272,0.0,-1.5025051472733069,True,False,1,100,High,random_forest,cyclone
0.1423631608488403,0.1602124975810219,0.7256264193309852,0.0,0.9997065525114344,True,False,1,99,High,random_forest,cyclone
-0.3623225546340065,0.4992968909250587,1.5947866703291125,0.0,0.4992642125544862,False,True,1,98,High,random_forest,cyclone
-0.2602457187091498,-1.6835588912271775,-0.1435338316671422,0.0,-0.5016204673594102,False,True,1,97,High,random_forest,cyclone
-0.1053961496483843,-0.263642994099024,1.5947866703291125,0.0,-1.0020628073163584,True,False,1,100,High,random_forest,cyclone
0.0980142442698371,0.9019596080211024,1.5947866703291125,0.0,-1.5025051472733069,False,True,1,100,High,random_forest,cyclone
0.5405123728178806,-1.408052821635148,0.4359063356649427,0.0,-0.5016204673594102,False,True,1,99,High,random_forest,cyclone
1.480263437533854,1.241044001365139,1.30506658666307,0.0,0.4992642125544862,True,False,1,100,High,random_forest,cyclone
-0.873450012189781,-1.3020889487151364,1.5947866703291125,0.0,0.4992642125544862,True,False,1,99,High,random_forest,cyclone
-0.3283795290958867,0.4145257925890495,-1.0126940826652695,0.0,0.4992642125544862,True,False,1,99,High,random_forest,cyclone
0.6061685900996451,1.2834295505331437,0.1461862519989002,0.0,-0.001178127402462,False,True,1,99,High,random_forest,cyclone
-0.575643320972117,-0.9418117807870974,0.4359063356649427,0.0,-1.0020628073163584,False,True,1,99,High,random_forest,cyclone
-1.032015970908005,-0.5391490636910538,1.5947866703291125,0.0,1.5001488924683828,False,True,1,98,High,random_forest,cyclone
-1.1947938379046816,-1.2597033995471318,1.5947866703291125,0.0,-1.5025051472733069,False,True,1,99,High,random_forest,cyclone
-0.022396780631814,0.1814052721650242,1.0153465029970277,0.0,-0.5016204673594102,False,True,1,98,High,random_forest,cyclone
-0.3036035980461642,0.520489665509061,0.1461862519989002,0.0,-1.5025051472733069,True,False,1,100,High,random_forest,cyclone
-0.6752425637920014,-0.2424502195150216,-0.1435338316671422,0.0,-0.5016204673594102,True,False,1,99,High,random_forest,cyclone
-1.3682253552527388,-0.8570406824510882,0.7256264193309852,0.0,-1.0020628073163584,False,True,1,99,High,random_forest,cyclone
-1.022105598488116,-1.0265828791231066,-1.5921342499973543,0.0,-1.0020628073163584,True,False,1,99,High,random_forest,cyclone
-0.1301720806981068,-0.0941007974270056,-1.302414166331312,0.0,-0.5016204673594102,True,False,1,99,High,random_forest,cyclone
1.9004632281371476,1.5165500709571689,-0.1435338316671422,0.0,-1.5025051472733069,False,True,1,100,High,random_forest,cyclone
-1.000055019853863,-1.408052821635148,-1.5921342499973543,0.0,-1.5025051472733069,False,True,1,99,High,random_forest,cyclone
-0.7247944258914463,-1.2597033995471318,0.1461862519989002,0.0,-1.0020628073163584,True,False,1,100,High,random_forest,cyclone
-1.0005505384748574,-1.1749323012111226,-0.4332539153331847,0.0,-1.0020628073163584,False,True,1,99,High,random_forest,cyclone
-0.5018110464439439,0.0542486246610104,-0.1435338316671422,0.0,0.9997065525114344,True,False,1,99,High,random_forest,cyclone
0.2910187471471752,-0.0729080228430033,1.0153465029970277,0.0,-1.0020628073163584,True,False,1,100,High,random_forest,cyclone
0.2166909539980078,0.2873691450850357,1.30506658666307,0.0,0.4992642125544862,True,False,1,100,High,random_forest,cyclone
-0.7247944258914463,-0.2212574449310193,1.30506658666307,0.0,-0.5016204673594102,True,False,1,99,High,random_forest,cyclone
1.442604022338276,1.4741645217891644,-0.7229739989992272,0.0,-1.5025051472733069,False,True,1,100,High,random_forest,cyclone
-0.7579941734980744,-1.8742938624831984,-1.302414166331312,0.0,-0.001178127402462,False,True,1,99,High,random_forest,cyclone
0.4396743334455101,0.9655379317731092,-0.4332539153331847,0.0,-1.5025051472733069,True,False,1,100,High,random_forest,cyclone
0.6874336439427349,1.0503090301091185,-0.7229739989992272,0.0,-0.001178127402462,True,False,1,100,High,random_forest,cyclone
-0.4049371560395291,-1.5352094691391618,-1.0126940826652695,0.0,-0.5016204673594102,False,True,1,97,High,random_forest,cyclone
0.2563324436775637,0.8383812842690954,1.5947866703291125,0.0,-0.001178127402462,False,True,1,100,High,random_forest,cyclone
0.9847448165394046,0.7748029605170885,-1.302414166331312,0.0,0.4992642125544862,True,False,1,100,High,random_forest,cyclone
0.4257998120576655,0.7748029605170885,0.4359063356649427,0.0,0.4992642125544862,False,True,1,100,High,random_forest,cyclone
0.489226195544955,0.0118630754930058,-0.7229739989992272,0.0,0.9997065525114344,True,False,1,99,High,random_forest,cyclone
-0.4027073222450541,-0.8782334570350905,-1.5921342499973543,0.0,-0.5016204673594102,True,False,1,99,High,random_forest,cyclone
0.3405706092466202,0.3721402434210449,-0.7229739989992272,0.0,0.9997065525114344,True,False,1,100,High,random_forest,cyclone
-0.4790171898781993,-0.8994262316190929,-1.0126940826652695,0.0,0.4992642125544862,False,True,1,99,High,random_forest,cyclone
1.2820559891360743,1.2198512267811368,0.7256264193309852,0.0,0.9997065525114344,True,False,1,100,High,random_forest,cyclone
-0.7171138872660323,-1.5987877928911685,-0.1435338316671422,0.0,-1.5025051472733069,False,True,1,98,High,random_forest,cyclone
0.0184835056002279,-0.0729080228430033,-1.5921342499973543,0.0,-1.5025051472733069,True,False,1,100,High,random_forest,cyclone
1.464902360283026,1.3470078742851506,0.4359063356649427,0.0,-0.5016204673594102,False,True,1,100,High,random_forest,cyclone
-1.6135070726449914,-1.8319083133151937,-0.4332539153331847,0.0,0.4992642125544862,False,True,1,99,High,random_forest,cyclone
-0.7247944258914463,-0.200064670347017,-0.7229739989992272,0.0,1.5001488924683828,True,False,1,99,High,random_forest,cyclone
0.1671390918985628,0.7324174113490839,-1.5921342499973543,0.0,1.5001488924683828,True,False,1,99,High,random_forest,cyclone
0.3653465402963426,0.4145257925890495,1.0153465029970277,0.0,-1.0020628073163584,True,False,1,100,High,random_forest,cyclone
1.5793671617327438,1.4105861980371577,0.7256264193309852,0.0,-0.5016204673594102,True,False,1,100,High,random_forest,cyclone
0.0680353676996729,0.6052607638450701,1.30506658666307,0.0,-0.5016204673594102,True,False,1,100,High,random_forest,cyclone
-0.2788276669964417,-1.2808961741311342,-1.0126940826652695,0.0,-0.001178127402462,True,False,1,99,High,random_forest,cyclone
1.3811597133349642,1.2198512267811368,1.5947866703291125,0.0,0.9997065525114344,True,False,1,100,High,random_forest,cyclone
1.090042523500725,1.3682006488691527,-0.4332539153331847,0.0,-0.001178127402462,False,True,1,100,High,random_forest,cyclone
1.678470885931634,1.3682006488691527,1.0153465029970277,0.0,-0.5016204673594102,True,False,1,100,High,random_forest,cyclone
0.588329919743845,0.7959957351010908,1.30506658666307,0.0,1.5001488924683828,True,False,1,100,High,random_forest,cyclone
0.8856410923405146,0.8383812842690954,0.4359063356649427,0.0,-1.5025051472733069,True,False,1,100,High,random_forest,cyclone
1.6105848348553942,1.241044001365139,-1.302414166331312,0.0,0.4992642125544862,False,True,1,99,High,random_forest,cyclone
-0.6504666327422789,-0.4331851907710423,-1.5921342499973543,0.0,-1.5025051472733069,True,False,1,100,High,random_forest,cyclone
0.3157946781968976,0.5628752146770656,0.7256264193309852,0.0,-1.0020628073163584,True,False,1,100,High,random_forest,cyclone
-1.016902652967674,-0.5815346128590584,-0.4332539153331847,0.0,-1.5025051472733069,False,True,1,99,High,random_forest,cyclone
-0.4027073222450541,-0.5391490636910538,0.7256264193309852,0.0,1.5001488924683828,True,False,1,100,High,random_forest,cyclone
-0.54591220371245,-1.492823919971157,0.4359063356649427,0.0,0.4992642125544862,False,True,1,97,High,random_forest,cyclone
-0.7793014742008357,-1.5140166945551594,1.30506658666307,0.0,0.4992642125544862,False,True,1,97,High,random_forest,cyclone
-1.3689686331842308,-0.835847907867086,0.7256264193309852,0.0,-0.001178127402462,True,False,1,99,High,random_forest,cyclone
-1.6417516340416751,-1.132546752043118,1.30506658666307,0.0,0.9997065525114344,False,True,1,98,High,random_forest,cyclone
-0.6256907016925564,-0.4967635145230492,0.4359063356649427,0.0,1.5001488924683828,True,False,1,100,High,random_forest,cyclone
-0.8112624252549776,-1.0265828791231066,0.1461862519989002,0.0,-1.5025051472733069,False,True,1,99,High,random_forest,cyclone
1.0717083345239304,1.2622367759491413,-0.1435338316671422,0.0,1.5001488924683828,False,True,1,100,High,random_forest,cyclone
-0.415838565701407,-0.8994262316190929,-0.7229739989992272,0.0,-1.5025051472733069,False,True,1,99,High,random_forest,cyclone
-0.1053961496483843,-0.7934623586990813,-0.7229739989992272,0.0,1.5001488924683828,True,False,1,100,High,random_forest,cyclone
-0.5887745644284699,-1.3020889487151364,0.4359063356649427,0.0,-1.0020628073163584,False,True,1,99,High,random_forest,cyclone
-0.0771515882517007,0.8595740588530977,-0.1435338316671422,0.0,0.4992642125544862,False,True,1,100,High,random_forest,cyclone
-0.6675620251665872,-0.2212574449310193,-0.4332539153331847,0.0,-1.5025051472733069,False,True,1,97,High,random_forest,cyclone
-1.2450889779356182,-1.217317850379127,-1.302414166331312,0.0,-1.5025051472733069,True,False,1,99,High,random_forest,cyclone
0.2652517788554638,-0.0729080228430033,0.4359063356649427,0.0,-0.001178127402462,False,True,1,97,High,random_forest,cyclone
1.975782058528304,1.3258150997011482,1.5947866703291125,0.0,0.4992642125544862,True,False,1,100,High,random_forest,cyclone
-1.0964333916372837,-0.7510768095310767,-1.5921342499973543,0.0,-0.5016204673594102,True,False,1,99,High,random_forest,cyclone
-0.5761388395931114,-1.2385106249631297,1.30506658666307,0.0,1.5001488924683828,True,False,1,99,High,random_forest,cyclone
-0.1271989689721401,-0.3907996416030377,1.30506658666307,0.0,1.5001488924683828,False,True,1,97,High,random_forest,cyclone
-0.0062924254494944,0.3297546942530403,0.4359063356649427,0.0,0.9997065525114344,True,False,1,100,High,random_forest,cyclone
-1.059765013683694,-1.196125075795125,1.30506658666307,0.0,-1.0020628073163584,False,True,1,99,High,random_forest,cyclone
-1.4613828559996955,-1.1749323012111226,-1.0126940826652695,0.0,-0.001178127402462,False,True,1,99,High,random_forest,cyclone
-0.6170191258251535,-0.1788718957630147,1.5947866703291125,0.0,1.5001488924683828,False,True,1,97,High,random_forest,cyclone
-1.0964333916372837,-1.132546752043118,-1.302414166331312,0.0,0.9997065525114344,True,False,1,100,High,random_forest,cyclone
-0.1549480117478293,-1.2808961741311342,-0.1435338316671422,0.0,0.4992642125544862,True,False,1,100,High,random_forest,cyclone
0.1081723760002233,-0.051715248259001,-0.7229739989992272,0.0,-1.0020628073163584,False,True,1,97,High,random_forest,cyclone
-0.8087848321500054,-1.5987877928911685,-1.0126940826652695,0.0,1.5001488924683828,False,True,1,98,High,random_forest,cyclone
0.0680353676996729,0.0754413992450127,1.30506658666307,0.0,0.9997065525114344,True,False,1,99,High,random_forest,cyclone
-0.6831708617279125,0.4781041163410564,-1.5921342499973543,0.0,0.9997065525114344,False,True,1,99,High,random_forest,cyclone
0.8608651612907922,1.1350801284451275,0.1461862519989002,0.0,-1.0020628073163584,True,False,1,100,High,random_forest,cyclone
-0.5573091319953223,0.668839087597077,0.4359063356649427,0.0,0.4992642125544862,False,True,1,99,High,random_forest,cyclone
1.948776293684106,1.5377428455411712,1.5947866703291125,0.0,-0.001178127402462,False,True,1,100,High,random_forest,cyclone
-0.5887745644284699,-0.5603418382750561,0.1461862519989002,0.0,1.5001488924683828,False,True,1,99,High,random_forest,cyclone
0.779104588826708,1.177465677613132,1.0153465029970277,0.0,0.4992642125544862,False,True,1,99,High,random_forest,cyclone
0.5635539886941224,0.4145257925890495,0.4359063356649427,0.0,-0.001178127402462,True,False,1,99,High,random_forest,cyclone
0.4396743334455101,0.8383812842690954,1.5947866703291125,0.0,-0.001178127402462,True,False,1,100,High,random_forest,cyclone
0.6720725666919068,1.177465677613132,-1.0126940826652695,0.0,-1.5025051472733069,False,True,1,99,High,random_forest,cyclone
-0.8362861156151973,-0.6874984857790699,1.0153465029970277,0.0,1.5001488924683828,False,True,1,99,High,random_forest,cyclone
-0.8561068604549753,-0.7934623586990813,0.7256264193309852,0.0,0.9997065525114344,False,True,1,99,High,random_forest,cyclone
0.3869016003096012,0.0118630754930058,0.1461862519989002,0.0,0.9997065525114344,False,True,1,99,High,random_forest,cyclone
0.1178349891096151,0.9019596080211024,1.30506658666307,0.0,0.9997065525114344,False,True,1,100,High,random_forest,cyclone
-1.754977638938907,-0.5603418382750561,-1.302414166331312,0.0,-0.001178127402462,False,True,1,99,High,random_forest,cyclone
0.3157946781968976,0.668839087597077,-1.0126940826652695,0.0,0.9997065525114344,True,False,1,100,High,random_forest,cyclone
0.7369855060421797,1.0079234809411135,1.30506658666307,0.0,0.4992642125544862,True,False,1,100,High,random_forest,cyclone
0.0672920897681812,-0.1364863465950102,0.1461862519989002,0.0,-0.001178127402462,False,True,1,96,High,random_forest,cyclone
-1.2450889779356182,-0.7086912603630722,-1.0126940826652695,0.0,-1.0020628073163584,True,False,1,99,High,random_forest,cyclone
0.4148984023957876,-1.1537395266271204,-1.302414166331312,0.0,0.4992642125544862,True,False,1,99,High,random_forest,cyclone
0.3901224713460651,0.8807668334371,-0.1435338316671422,0.0,0.9997065525114344,True,False,1,100,High,random_forest,cyclone
-0.6569083748152067,0.5840679892610678,-1.302414166331312,0.0,-1.5025051472733069,False,True,1,99,High,random_forest,cyclone
-1.6529008030140502,-1.9802577354032096,-1.5921342499973543,0.0,-1.0020628073163584,False,True,1,100,High,random_forest,cyclone
1.4554875064841315,1.3470078742851506,1.0153465029970277,0.0,-1.5025051472733069,True,False,1,100,High,random_forest,cyclone
1.2389458691095572,1.2198512267811368,0.7256264193309852,0.0,0.9997065525114344,False,True,1,100,High,random_forest,cyclone
1.9901520985371424,1.5801283947091758,-1.302414166331312,0.0,-0.001178127402462,False,True,1,100,High,random_forest,cyclone
-0.4027073222450541,-0.9418117807870974,-1.5921342499973543,0.0,1.5001488924683828,True,False,1,99,High,random_forest,cyclone
-0.1210049862097095,0.3933330180050472,-0.1435338316671422,0.0,0.4992642125544862,False,True,1,98,High,random_forest,cyclone
-0.1797239427975518,0.3509474688370426,-0.4332539153331847,0.0,1.5001488924683828,True,False,1,100,High,random_forest,cyclone
-0.6212310341036062,-1.556402243723164,0.4359063356649427,0.0,-1.5025051472733069,False,True,1,97,High,random_forest,cyclone
0.0093164111118306,0.520489665509061,-1.0126940826652695,0.0,0.4992642125544862,False,True,1,99,High,random_forest,cyclone
-0.0233878178738029,0.3721402434210449,0.4359063356649427,0.0,-1.0020628073163584,False,True,1,98,High,random_forest,cyclone
1.2077281959869068,1.177465677613132,-1.5921342499973543,0.0,0.4992642125544862,True,False,1,100,High,random_forest,cyclone
0.0469758263074088,0.7324174113490839,-0.4332539153331847,0.0,-1.5025051472733069,False,True,1,99,High,random_forest,cyclone
1.904922895726097,1.664899493045185,-0.4332539153331847,0.0,1.5001488924683828,False,True,1,100,High,random_forest,cyclone
-0.3036035980461642,-1.0901612028751135,-1.302414166331312,0.0,-1.5025051472733069,True,False,1,99,High,random_forest,cyclone
0.2322997905593329,-0.0729080228430033,-1.302414166331312,0.0,-0.001178127402462,False,True,1,97,High,random_forest,cyclone
-0.6896126038008403,-0.5179562891070515,0.7256264193309852,0.0,-1.5025051472733069,False,True,1,99,High,random_forest,cyclone
0.5018619203803135,1.0503090301091185,-0.7229739989992272,0.0,-0.001178127402462,False,True,1,99,High,random_forest,cyclone
-0.744367411420727,-1.6835588912271775,0.4359063356649427,0.0,-1.5025051472733069,False,True,1,98,High,random_forest,cyclone
-0.9941087964019296,-1.492823919971157,-1.0126940826652695,0.0,0.9997065525114344,False,True,1,98,High,random_forest,cyclone
-0.8486740811400586,-0.7510768095310767,0.1461862519989002,0.0,-0.5016204673594102,True,False,1,99,High,random_forest,cyclone
0.6874336439427349,1.029116255525116,-0.7229739989992272,0.0,-0.5016204673594102,True,False,1,100,High,random_forest,cyclone
-0.6207355154826119,-0.5391490636910538,0.7256264193309852,0.0,1.5001488924683828,False,True,1,99,High,random_forest,cyclone
-1.1038661709522002,-0.7510768095310767,-0.4332539153331847,0.0,0.4992642125544862,False,True,1,98,High,random_forest,cyclone
-0.1797239427975518,0.4569113417570541,1.5947866703291125,0.0,-0.5016204673594102,True,False,1,100,High,random_forest,cyclone
2.496076610572476,1.601321169293178,1.0153465029970277,0.0,-1.0020628073163584,True,False,1,100,High,random_forest,cyclone
-0.7354480762428269,-1.0689684282911112,1.0153465029970277,0.0,1.5001488924683828,False,True,1,99,High,random_forest,cyclone
0.3068753430189976,0.2237908213330288,1.30506658666307,0.0,-1.5025051472733069,False,True,1,97,High,random_forest,cyclone
-0.3036035980461642,-1.3020889487151364,-0.4332539153331847,0.0,-1.5025051472733069,True,False,1,100,High,random_forest,cyclone
0.6019566818211922,1.0715018046931206,-1.0126940826652695,0.0,-1.0020628073163584,False,True,1,100,High,random_forest,cyclone
-1.6992317940770312,-1.5987877928911685,-1.302414166331312,0.0,0.9997065525114344,False,True,1,97,High,random_forest,cyclone
1.9269734743603504,1.664899493045185,-0.7229739989992272,0.0,0.4992642125544862,False,True,1,100,High,random_forest,cyclone
-0.2292758048969967,0.1178269484130173,-0.4332539153331847,0.0,1.5001488924683828,True,False,1,99,High,random_forest,cyclone
0.0326057862985698,0.5416824400930633,-0.1435338316671422,0.0,1.5001488924683828,False,True,1,99,High,random_forest,cyclone
0.1423631608488403,0.3933330180050472,-0.7229739989992272,0.0,1.5001488924683828,True,False,1,100,High,random_forest,cyclone
-0.0310683564992169,-0.984197329955102,-0.4332539153331847,0.0,0.9997065525114344,True,False,1,100,High,random_forest,cyclone
-0.265944182850586,0.308561919669038,0.7256264193309852,0.0,-1.5025051472733069,False,True,1,98,High,random_forest,cyclone
-1.1239346751024752,-1.0265828791231066,-0.7229739989992272,0.0,-1.5025051472733069,False,True,1,99,High,random_forest,cyclone
-0.4750530409102437,0.5628752146770656,0.4359063356649427,0.0,0.9997065525114344,False,True,1,98,High,random_forest,cyclone
-0.5265869774936665,-0.4967635145230492,0.7256264193309852,0.0,-0.5016204673594102,True,False,1,100,High,random_forest,cyclone
-0.1053961496483843,-0.4755707399390469,-1.5921342499973543,0.0,0.9997065525114344,True,False,1,99,High,random_forest,cyclone
-0.7404032624527714,-1.2808961741311342,0.7256264193309852,0.0,0.9997065525114344,False,True,1,99,High,random_forest,cyclone
-1.282252874510202,-0.5391490636910538,-0.4332539153331847,0.0,-0.5016204673594102,False,True,1,98,High,random_forest,cyclone
-0.3531554601456091,-1.344474497883141,0.7256264193309852,0.0,-0.5016204673594102,True,False,1,100,High,random_forest,cyclone
2.149213575876361,1.4953572963731665,-0.4332539153331847,0.0,-0.001178127402462,True,False,1,100,High,random_forest,cyclone
-0.8238981500903362,-0.7298840349470744,0.4359063356649427,0.0,1.5001488924683828,True,False,1,100,High,random_forest,cyclone
-0.0806202185986619,0.4569113417570541,0.4359063356649427,0.0,1.5001488924683828,True,False,1,100,High,random_forest,cyclone
-1.1529225144306503,-1.2808961741311342,-1.5921342499973543,0.0,-1.5025051472733069,False,True,1,99,High,random_forest,cyclone
-0.9462912494759652,-0.9630045553710996,0.4359063356649427,0.0,-1.5025051472733069,False,True,1,99,High,random_forest,cyclone
